158530067653,158528861653
158510912201,158528852857
158530063945,158528861599
158524011325,158524011355
158528852153,158528861475
158510912383,158524011019
158503851673,158528849161
158524011011,158528850813
158524011043,158528850739
158524002695,158515581635
158508570305,158524891611
158530211607,158530567031
158530211457,158530562675
158530211533,158528861651
158510090027,158528850875
158520030347,158530782111
158528850493,158524011021
158528850493,158530004641
158530190011,158530718775
158524898803,158515580887
158524011029,158515590685
158530211425,158528849189
158533714541,158598060279
158527501713,158502911917
158508364923,158508364921
158500411793,158529027621
158500730293,158500730487
158520842209,158502683611
158526548205,158526548239
158515886411,158515729817
158521231333,158522566517
158527685563,158516882001
158521282171,158533697379
158502336809,158532486825
158514064369,158514064335
158501551109,158505222935
158516995351,158503892443
158535306035,158599703973
158537236155,158536856225
158504189539,158529872369
158516797249,158516799767
158500611579,158536600757
158515687371,158515687709
158516997599,158504562579
158522426187,158538687443
158538335547,158536774107
158537080635,158534672079
158507689477,158526742489
158523272017,158523272037
158508828513,158508828521
158506490105,158526470823
158599337515,158525444655
158539452269,158525418999
158506086437,158523242175
158534056291,158534344291
158538745393,158516597249
158522775393,158522775359
158530908771,158521139133
158528680879,158528694919
158503476701,158503536671
158503439635,158522679977
158527185851,158508437897
158525436943,158525436983
158520756013,158530991939
158531551379,158516637869
158507158161,158531839153
158500832267,158520843211
158522930839,158537942677
158506092285,158501557263
158521241823,158533833951
158529633307,158529952561
158526820167,158522171733
158522134689,158522134783
158517547861,158503845079
158526303217,158526252825
158522529493,158501037171
158539469491,158526325669
158538406629,158599593211
158514437601,158507135235
158535086725,158520806509
158508415291,158503800973
158503655953,158527183389
158526768253,158517166011
158591619013,158598235811
158598743649,158527014991
158509296887,158507025965
158534211089,158514202411
158536314175,158536314173
158521754357,158522835021
158531333125,158590671749
158500941403,158516497707
158590248503,158525537939
158531369679,158531370233
158525746715,158537049775
158523696303,158591031001
158517840695,158528250261
158500670731,158516086365
158517520405,158530880373
158521057825,158590054303
158520675947,158536558521
158527521191,158524968365
158514202267,158520883527
158505653213,158505653139
158535971159,158535970759
158531112773,158527784041
158533303379,158529353319
158500437133,158506811071
158504104657,158507606357
158529025923,158525739649
158599409443,158528414313
158507531557,158528710497
158505407647,158526876459
158507183223,158523324811
158536794911,158598102309
158528533197,158535617183
158525778735,158506598841
158539784377,158524417875
158535693543,158537959439
158521773577,158522944879
158503697375,158507587401
158598992329,158525734415
158538549041,158522532707