Dateparse,avg_mass_apg
30-Jul-18 23:00:00,0.5
31-Jul-18 00:00:00,0.51
31-Jul-18 01:00:00,0.51
31-Jul-18 02:00:00,0.51
31-Jul-18 03:00:00,0.51
31-Jul-18 04:00:00,0.51
31-Jul-18 05:00:00,0.51
31-Jul-18 06:00:00,0.51
31-Jul-18 07:00:00,0.51
31-Jul-18 08:00:00,0.51
31-Jul-18 09:00:00,0.51
31-Jul-18 10:00:00,0.52
31-Jul-18 11:00:00,0.52
31-Jul-18 12:00:00,0.52
31-Jul-18 13:00:00,0.52
31-Jul-18 14:00:00,0.52
31-Jul-18 15:00:00,0.52
31-Jul-18 16:00:00,0.52
31-Jul-18 17:00:00,0.52
31-Jul-18 18:00:00,0.52
31-Jul-18 19:00:00,0.52
31-Jul-18 20:00:00,0.52
31-Jul-18 21:00:00,0.52
31-Jul-18 22:00:00,0.52
31-Jul-18 23:00:00,0.52
01-Aug-18 00:00:00,0.52
01-Aug-18 01:00:00,0.5
01-Aug-18 02:00:00,0.5
01-Aug-18 03:00:00,0.5
01-Aug-18 04:00:00,0.5
01-Aug-18 05:00:00,0.5
01-Aug-18 06:00:00,0.5
01-Aug-18 07:00:00,0.5
01-Aug-18 08:00:00,0.5
01-Aug-18 09:00:00,0.5
01-Aug-18 10:00:00,0.5
01-Aug-18 11:00:00,0.5
01-Aug-18 12:00:00,0.5
01-Aug-18 13:00:00,0.5
01-Aug-18 14:00:00,0.5
01-Aug-18 15:00:00,0.5
01-Aug-18 16:00:00,0.5
01-Aug-18 17:00:00,0.5
01-Aug-18 18:00:00,0.5
01-Aug-18 19:00:00,0.5
01-Aug-18 20:00:00,0.5
01-Aug-18 21:00:00,0.5
01-Aug-18 22:00:00,0.5
01-Aug-18 23:00:00,0.5
02-Aug-18 00:00:00,0.5
02-Aug-18 01:00:00,0.52
02-Aug-18 02:00:00,0.52
02-Aug-18 03:00:00,0.52
02-Aug-18 04:00:00,0.52
02-Aug-18 05:00:00,0.52
02-Aug-18 06:00:00,0.52
02-Aug-18 07:00:00,0.52
02-Aug-18 08:00:00,0.52
02-Aug-18 09:00:00,0.52
02-Aug-18 10:00:00,0.52
02-Aug-18 11:00:00,0.52
02-Aug-18 12:00:00,0.52
02-Aug-18 13:00:00,0.52
02-Aug-18 14:00:00,0.52
02-Aug-18 15:00:00,0.52
02-Aug-18 16:00:00,0.52
02-Aug-18 17:00:00,0.52
02-Aug-18 18:00:00,0.52
02-Aug-18 19:00:00,0.52
02-Aug-18 20:00:00,0.52
02-Aug-18 21:00:00,0.52
02-Aug-18 22:00:00,0.52
02-Aug-18 23:00:00,0.52
03-Aug-18 00:00:00,0.51
03-Aug-18 01:00:00,0.51
03-Aug-18 02:00:00,0.51
03-Aug-18 03:00:00,0.51
03-Aug-18 04:00:00,0.51
03-Aug-18 05:00:00,0.51
03-Aug-18 06:00:00,0.51
03-Aug-18 07:00:00,0.51
03-Aug-18 08:00:00,0.51
03-Aug-18 09:00:00,0.51
03-Aug-18 10:00:00,0.51
03-Aug-18 11:00:00,0.51
03-Aug-18 12:00:00,0.51
03-Aug-18 13:00:00,0.51
03-Aug-18 14:00:00,0.51
03-Aug-18 15:00:00,0.51
03-Aug-18 16:00:00,0.51
03-Aug-18 17:00:00,0.51
03-Aug-18 18:00:00,0.51
03-Aug-18 19:00:00,0.51
03-Aug-18 20:00:00,0.51
03-Aug-18 21:00:00,0.51
03-Aug-18 22:00:00,0.51
03-Aug-18 23:00:00,0.51
04-Aug-18 00:00:00,0.52
04-Aug-18 01:00:00,0.52
04-Aug-18 02:00:00,0.52
04-Aug-18 03:00:00,0.52
04-Aug-18 04:00:00,0.52
04-Aug-18 05:00:00,0.52
04-Aug-18 06:00:00,0.52
04-Aug-18 07:00:00,0.52
04-Aug-18 08:00:00,0.52
04-Aug-18 09:00:00,0.52
04-Aug-18 10:00:00,0.52
04-Aug-18 11:00:00,0.52
04-Aug-18 12:00:00,0.52
04-Aug-18 13:00:00,0.52
04-Aug-18 14:00:00,0.52
04-Aug-18 15:00:00,0.52
04-Aug-18 16:00:00,0.52
04-Aug-18 17:00:00,0.52
04-Aug-18 18:00:00,0.52
04-Aug-18 19:00:00,0.52
04-Aug-18 20:00:00,0.52
04-Aug-18 21:00:00,0.52
04-Aug-18 22:00:00,0.52
04-Aug-18 23:00:00,0.52
05-Aug-18 00:00:00,0.51
05-Aug-18 01:00:00,0.51
05-Aug-18 02:00:00,0.51
05-Aug-18 03:00:00,0.51
05-Aug-18 04:00:00,0.51
05-Aug-18 05:00:00,0.51
05-Aug-18 06:00:00,0.51
05-Aug-18 07:00:00,0.51
05-Aug-18 08:00:00,0.51
05-Aug-18 09:00:00,0.51
05-Aug-18 10:00:00,0.51
05-Aug-18 11:00:00,0.51
05-Aug-18 12:00:00,0.51
05-Aug-18 13:00:00,0.51
05-Aug-18 14:00:00,0.51
05-Aug-18 15:00:00,0.51
05-Aug-18 16:00:00,0.51
05-Aug-18 17:00:00,0.51
05-Aug-18 18:00:00,0.51
05-Aug-18 19:00:00,0.51
05-Aug-18 20:00:00,0.51
05-Aug-18 21:00:00,0.51
05-Aug-18 22:00:00,0.51
05-Aug-18 23:00:00,0.51
06-Aug-18 00:00:00,0.51
06-Aug-18 01:00:00,0.51
06-Aug-18 02:00:00,0.51
06-Aug-18 03:00:00,0.51
06-Aug-18 04:00:00,0.51
06-Aug-18 05:00:00,0.51
06-Aug-18 06:00:00,0.51
06-Aug-18 07:00:00,0.51
06-Aug-18 08:00:00,0.51
06-Aug-18 09:00:00,0.51
06-Aug-18 10:00:00,0.51
06-Aug-18 11:00:00,0.51
06-Aug-18 12:00:00,0.51
06-Aug-18 13:00:00,0.51
06-Aug-18 14:00:00,0.51
06-Aug-18 15:00:00,0.51
06-Aug-18 16:00:00,0.51
06-Aug-18 17:00:00,0.51
06-Aug-18 18:00:00,0.51
06-Aug-18 19:00:00,0.51
06-Aug-18 20:00:00,0.51
06-Aug-18 21:00:00,0.51
06-Aug-18 22:00:00,0.51
06-Aug-18 23:00:00,0.51
07-Aug-18 00:00:00,0.51
07-Aug-18 01:00:00,0.51
07-Aug-18 02:00:00,0.51
07-Aug-18 03:00:00,0.51
07-Aug-18 04:00:00,0.51
07-Aug-18 05:00:00,0.51
07-Aug-18 06:00:00,0.51
07-Aug-18 07:00:00,0.51
07-Aug-18 08:00:00,0.51
07-Aug-18 09:00:00,0.51
07-Aug-18 10:00:00,0.51
07-Aug-18 11:00:00,0.51
07-Aug-18 12:00:00,0.51
07-Aug-18 13:00:00,0.51
07-Aug-18 14:00:00,0.51
07-Aug-18 15:00:00,0.51
07-Aug-18 16:00:00,0.51
07-Aug-18 17:00:00,0.51
07-Aug-18 18:00:00,0.51
07-Aug-18 19:00:00,0.51
07-Aug-18 20:00:00,0.51
07-Aug-18 21:00:00,0.51
07-Aug-18 22:00:00,0.51
07-Aug-18 23:00:00,0.51
08-Aug-18 00:00:00,0.51
08-Aug-18 01:00:00,0.51
08-Aug-18 02:00:00,0.51
08-Aug-18 03:00:00,0.51
08-Aug-18 04:00:00,0.51
08-Aug-18 05:00:00,0.51
08-Aug-18 06:00:00,0.51
08-Aug-18 07:00:00,0.51
08-Aug-18 08:00:00,0.51
08-Aug-18 09:00:00,0.51
08-Aug-18 10:00:00,0.51
08-Aug-18 11:00:00,0.51
08-Aug-18 12:00:00,0.51
08-Aug-18 13:00:00,0.51
08-Aug-18 14:00:00,0.51
08-Aug-18 15:00:00,0.51
08-Aug-18 16:00:00,0.51
08-Aug-18 17:00:00,0.51
08-Aug-18 18:00:00,0.51
08-Aug-18 19:00:00,0.51
08-Aug-18 20:00:00,0.51
08-Aug-18 21:00:00,0.51
08-Aug-18 22:00:00,0.51
08-Aug-18 23:00:00,0.51
09-Aug-18 00:00:00,0.51
09-Aug-18 01:00:00,0.51
09-Aug-18 02:00:00,0.51
09-Aug-18 03:00:00,0.51
09-Aug-18 04:00:00,0.51
09-Aug-18 05:00:00,0.51
09-Aug-18 06:00:00,0.51
09-Aug-18 07:00:00,0.51
09-Aug-18 08:00:00,0.51
09-Aug-18 09:00:00,0.51
09-Aug-18 10:00:00,0.51
09-Aug-18 11:00:00,0.51
09-Aug-18 12:00:00,0.51
09-Aug-18 13:00:00,0.51
09-Aug-18 14:00:00,0.51
09-Aug-18 15:00:00,0.51
09-Aug-18 16:00:00,0.51
09-Aug-18 17:00:00,0.51
09-Aug-18 18:00:00,0.51
09-Aug-18 19:00:00,0.51
09-Aug-18 20:00:00,0.51
09-Aug-18 21:00:00,0.51
09-Aug-18 22:00:00,0.51
09-Aug-18 23:00:00,0.51
10-Aug-18 00:00:00,0.51
10-Aug-18 01:00:00,0.51
10-Aug-18 02:00:00,0.51
10-Aug-18 03:00:00,0.51
10-Aug-18 04:00:00,0.51
10-Aug-18 05:00:00,0.51
10-Aug-18 06:00:00,0.51
10-Aug-18 07:00:00,0.51
10-Aug-18 08:00:00,0.51
10-Aug-18 09:00:00,0.51
10-Aug-18 10:00:00,0.51
10-Aug-18 11:00:00,0.51
10-Aug-18 12:00:00,0.51
10-Aug-18 13:00:00,0.51
10-Aug-18 14:00:00,0.51
10-Aug-18 15:00:00,0.51
10-Aug-18 16:00:00,0.51
10-Aug-18 17:00:00,0.51
10-Aug-18 18:00:00,0.51
10-Aug-18 19:00:00,0.51
10-Aug-18 20:00:00,0.51
10-Aug-18 21:00:00,0.51
10-Aug-18 22:00:00,0.51
10-Aug-18 23:00:00,0.51
11-Aug-18 00:00:00,0.51
11-Aug-18 01:00:00,0.51
11-Aug-18 02:00:00,0.51
11-Aug-18 03:00:00,0.51
11-Aug-18 04:00:00,0.51
11-Aug-18 05:00:00,0.51
11-Aug-18 06:00:00,0.51
11-Aug-18 07:00:00,0.51
11-Aug-18 08:00:00,0.51
11-Aug-18 09:00:00,0.51
11-Aug-18 10:00:00,0.51
11-Aug-18 11:00:00,0.51
11-Aug-18 12:00:00,0.51
11-Aug-18 13:00:00,0.51
11-Aug-18 14:00:00,0.51
11-Aug-18 15:00:00,0.51
11-Aug-18 16:00:00,0.51
11-Aug-18 17:00:00,0.51
11-Aug-18 18:00:00,0.51
11-Aug-18 19:00:00,0.51
11-Aug-18 20:00:00,0.51
11-Aug-18 21:00:00,0.51
11-Aug-18 22:00:00,0.51
11-Aug-18 23:00:00,0.51
12-Aug-18 00:00:00,0.51
12-Aug-18 01:00:00,0.51
12-Aug-18 02:00:00,0.51
12-Aug-18 03:00:00,0.51
12-Aug-18 04:00:00,0.51
12-Aug-18 05:00:00,0.51
12-Aug-18 06:00:00,0.51
12-Aug-18 07:00:00,0.51
12-Aug-18 08:00:00,0.51
12-Aug-18 09:00:00,0.51
12-Aug-18 10:00:00,0.51
12-Aug-18 11:00:00,0.51
12-Aug-18 12:00:00,0.51
12-Aug-18 13:00:00,0.51
12-Aug-18 14:00:00,0.51
12-Aug-18 15:00:00,0.51
12-Aug-18 16:00:00,0.51
12-Aug-18 17:00:00,0.51
12-Aug-18 18:00:00,0.51
12-Aug-18 19:00:00,0.51
12-Aug-18 20:00:00,0.51
12-Aug-18 21:00:00,0.51
12-Aug-18 22:00:00,0.51
12-Aug-18 23:00:00,0.51
13-Aug-18 00:00:00,0.52
13-Aug-18 01:00:00,0.52
13-Aug-18 02:00:00,0.52
13-Aug-18 03:00:00,0.52
13-Aug-18 04:00:00,0.52
13-Aug-18 05:00:00,0.52
13-Aug-18 06:00:00,0.52
13-Aug-18 07:00:00,0.52
13-Aug-18 08:00:00,0.52
13-Aug-18 09:00:00,0.52
13-Aug-18 10:00:00,0.52
13-Aug-18 11:00:00,0.52
13-Aug-18 12:00:00,0.52
13-Aug-18 13:00:00,0.52
13-Aug-18 14:00:00,0.52
13-Aug-18 15:00:00,0.52
13-Aug-18 16:00:00,0.52
13-Aug-18 17:00:00,0.52
13-Aug-18 18:00:00,0.52
13-Aug-18 19:00:00,0.52
13-Aug-18 20:00:00,0.52
13-Aug-18 21:00:00,0.52
13-Aug-18 22:00:00,0.52
13-Aug-18 23:00:00,0.52
14-Aug-18 00:00:00,0.51
14-Aug-18 01:00:00,0.51
14-Aug-18 02:00:00,0.51
14-Aug-18 03:00:00,0.51
14-Aug-18 04:00:00,0.51
14-Aug-18 05:00:00,0.51
14-Aug-18 06:00:00,0.51
14-Aug-18 07:00:00,0.51
14-Aug-18 08:00:00,0.51
14-Aug-18 09:00:00,0.51
14-Aug-18 10:00:00,0.51
14-Aug-18 11:00:00,0.51
14-Aug-18 12:00:00,0.51
14-Aug-18 13:00:00,0.51
14-Aug-18 14:00:00,0.51
14-Aug-18 15:00:00,0.51
14-Aug-18 16:00:00,0.51
14-Aug-18 17:00:00,0.51
14-Aug-18 18:00:00,0.51
14-Aug-18 19:00:00,0.51
14-Aug-18 20:00:00,0.51
14-Aug-18 21:00:00,0.51
14-Aug-18 22:00:00,0.51
14-Aug-18 23:00:00,0.51
15-Aug-18 00:00:00,0.52
15-Aug-18 01:00:00,0.52
15-Aug-18 02:00:00,0.52
15-Aug-18 03:00:00,0.52
15-Aug-18 04:00:00,0.52
15-Aug-18 05:00:00,0.52
15-Aug-18 06:00:00,0.52
15-Aug-18 07:00:00,0.52
15-Aug-18 08:00:00,0.52
15-Aug-18 09:00:00,0.52
15-Aug-18 10:00:00,0.52
15-Aug-18 11:00:00,0.52
15-Aug-18 12:00:00,0.52
15-Aug-18 13:00:00,0.52
15-Aug-18 14:00:00,0.52
15-Aug-18 15:00:00,0.52
15-Aug-18 16:00:00,0.52
15-Aug-18 17:00:00,0.52
15-Aug-18 18:00:00,0.52
15-Aug-18 19:00:00,0.52
15-Aug-18 20:00:00,0.52
15-Aug-18 21:00:00,0.52
15-Aug-18 22:00:00,0.52
15-Aug-18 23:00:00,0.52
16-Aug-18 00:00:00,0.52
16-Aug-18 01:00:00,0.52
16-Aug-18 02:00:00,0.52
16-Aug-18 03:00:00,0.52
16-Aug-18 04:00:00,0.52
16-Aug-18 05:00:00,0.52
16-Aug-18 06:00:00,0.52
16-Aug-18 07:00:00,0.52
16-Aug-18 08:00:00,0.52
16-Aug-18 09:00:00,0.52
16-Aug-18 10:00:00,0.52
16-Aug-18 11:00:00,0.52
16-Aug-18 12:00:00,0.52
16-Aug-18 13:00:00,0.52
16-Aug-18 14:00:00,0.52
16-Aug-18 15:00:00,0.52
16-Aug-18 16:00:00,0.52
16-Aug-18 17:00:00,0.52
16-Aug-18 18:00:00,0.52
16-Aug-18 19:00:00,0.52
16-Aug-18 20:00:00,0.52
16-Aug-18 21:00:00,0.52
16-Aug-18 22:00:00,0.52
16-Aug-18 23:00:00,0.52
17-Aug-18 00:00:00,0.51
17-Aug-18 01:00:00,0.51
17-Aug-18 02:00:00,0.51
17-Aug-18 03:00:00,0.51
17-Aug-18 04:00:00,0.51
17-Aug-18 05:00:00,0.51
17-Aug-18 06:00:00,0.51
17-Aug-18 07:00:00,0.51
17-Aug-18 08:00:00,0.51
17-Aug-18 09:00:00,0.51
17-Aug-18 10:00:00,0.51
17-Aug-18 11:00:00,0.51
17-Aug-18 12:00:00,0.51
17-Aug-18 13:00:00,0.51
17-Aug-18 14:00:00,0.51
17-Aug-18 15:00:00,0.51
17-Aug-18 16:00:00,0.51
17-Aug-18 17:00:00,0.51
17-Aug-18 18:00:00,0.51
17-Aug-18 19:00:00,0.51
17-Aug-18 20:00:00,0.51
17-Aug-18 21:00:00,0.51
17-Aug-18 22:00:00,0.51
17-Aug-18 23:00:00,0.51
18-Aug-18 00:00:00,0.51
18-Aug-18 01:00:00,0.52
18-Aug-18 02:00:00,0.52
18-Aug-18 03:00:00,0.52
18-Aug-18 04:00:00,0.52
18-Aug-18 05:00:00,0.52
18-Aug-18 06:00:00,0.52
18-Aug-18 07:00:00,0.52
18-Aug-18 08:00:00,0.52
18-Aug-18 09:00:00,0.52
18-Aug-18 10:00:00,0.52
18-Aug-18 11:00:00,0.52
18-Aug-18 12:00:00,0.52
18-Aug-18 13:00:00,0.52
18-Aug-18 14:00:00,0.52
18-Aug-18 15:00:00,0.52
18-Aug-18 16:00:00,0.52
18-Aug-18 17:00:00,0.52
18-Aug-18 18:00:00,0.52
18-Aug-18 19:00:00,0.52
18-Aug-18 20:00:00,0.52
18-Aug-18 21:00:00,0.52
18-Aug-18 22:00:00,0.52
18-Aug-18 23:00:00,0.52
19-Aug-18 00:00:00,0.52
19-Aug-18 01:00:00,0.52
19-Aug-18 02:00:00,0.52
19-Aug-18 03:00:00,0.52
19-Aug-18 04:00:00,0.52
19-Aug-18 05:00:00,0.52
19-Aug-18 06:00:00,0.52
19-Aug-18 07:00:00,0.52
19-Aug-18 08:00:00,0.52
19-Aug-18 09:00:00,0.52
19-Aug-18 10:00:00,0.52
19-Aug-18 11:00:00,0.52
19-Aug-18 12:00:00,0.52
19-Aug-18 13:00:00,0.52
19-Aug-18 14:00:00,0.52
19-Aug-18 15:00:00,0.52
19-Aug-18 16:00:00,0.52
19-Aug-18 17:00:00,0.52
19-Aug-18 18:00:00,0.52
19-Aug-18 19:00:00,0.52
19-Aug-18 20:00:00,0.52
19-Aug-18 21:00:00,0.52
19-Aug-18 22:00:00,0.52
19-Aug-18 23:00:00,0.52
20-Aug-18 00:00:00,0.53
20-Aug-18 01:00:00,0.53
20-Aug-18 02:00:00,0.53
20-Aug-18 03:00:00,0.53
20-Aug-18 04:00:00,0.53
20-Aug-18 05:00:00,0.53
20-Aug-18 06:00:00,0.53
20-Aug-18 07:00:00,0.53
20-Aug-18 08:00:00,0.53
20-Aug-18 09:00:00,0.53
20-Aug-18 10:00:00,0.53
20-Aug-18 11:00:00,0.53
20-Aug-18 12:00:00,0.53
20-Aug-18 13:00:00,0.53
20-Aug-18 14:00:00,0.53
20-Aug-18 15:00:00,0.53
20-Aug-18 16:00:00,0.53
20-Aug-18 17:00:00,0.53
20-Aug-18 18:00:00,0.53
20-Aug-18 19:00:00,0.53
20-Aug-18 20:00:00,0.53
20-Aug-18 21:00:00,0.53
20-Aug-18 22:00:00,0.53
20-Aug-18 23:00:00,0.53
21-Aug-18 00:00:00,0.52
21-Aug-18 01:00:00,0.52
21-Aug-18 02:00:00,0.52
21-Aug-18 03:00:00,0.52
21-Aug-18 04:00:00,0.52
21-Aug-18 05:00:00,0.52
21-Aug-18 06:00:00,0.52
21-Aug-18 07:00:00,0.52
21-Aug-18 08:00:00,0.52
21-Aug-18 09:00:00,0.52
21-Aug-18 10:00:00,0.5
21-Aug-18 11:00:00,0.5
21-Aug-18 12:00:00,0.5
21-Aug-18 13:00:00,0.5
21-Aug-18 14:00:00,0.5
21-Aug-18 15:00:00,0.5
21-Aug-18 16:00:00,0.5
21-Aug-18 17:00:00,0.5
21-Aug-18 18:00:00,0.5
21-Aug-18 19:00:00,0.5
21-Aug-18 20:00:00,0.5
21-Aug-18 21:00:00,0.5
21-Aug-18 22:00:00,0.5
21-Aug-18 23:00:00,0.5
22-Aug-18 00:00:00,0.51
22-Aug-18 01:00:00,0.51
22-Aug-18 02:00:00,0.51
22-Aug-18 03:00:00,0.51
22-Aug-18 04:00:00,0.51
22-Aug-18 05:00:00,0.51
22-Aug-18 06:00:00,0.51
22-Aug-18 07:00:00,0.51
22-Aug-18 08:00:00,0.51
22-Aug-18 09:00:00,0.51
22-Aug-18 10:00:00,0.51
22-Aug-18 11:00:00,0.51
22-Aug-18 12:00:00,0.51
22-Aug-18 13:00:00,0.51
22-Aug-18 14:00:00,0.51
22-Aug-18 15:00:00,0.51
22-Aug-18 16:00:00,0.51
22-Aug-18 17:00:00,0.51
22-Aug-18 18:00:00,0.51
22-Aug-18 19:00:00,0.51
22-Aug-18 20:00:00,0.51
22-Aug-18 21:00:00,0.51
22-Aug-18 22:00:00,0.51
22-Aug-18 23:00:00,0.51
23-Aug-18 00:00:00,0.49
23-Aug-18 01:00:00,0.49
23-Aug-18 02:00:00,0.49
23-Aug-18 03:00:00,0.49
23-Aug-18 04:00:00,0.49
23-Aug-18 05:00:00,0.49
23-Aug-18 06:00:00,0.49
23-Aug-18 07:00:00,0.49
23-Aug-18 08:00:00,0.49
23-Aug-18 09:00:00,0.49
23-Aug-18 10:00:00,0.49
23-Aug-18 11:00:00,0.49
23-Aug-18 12:00:00,0.49
23-Aug-18 13:00:00,0.49
23-Aug-18 14:00:00,0.49
23-Aug-18 15:00:00,0.49
23-Aug-18 16:00:00,0.49
23-Aug-18 17:00:00,0.49
23-Aug-18 18:00:00,0.49
23-Aug-18 19:00:00,0.49
23-Aug-18 20:00:00,0.49
23-Aug-18 21:00:00,0.49
23-Aug-18 22:00:00,0.49
23-Aug-18 23:00:00,0.49
24-Aug-18 00:00:00,0.49
24-Aug-18 01:00:00,0.49
24-Aug-18 02:00:00,0.49
24-Aug-18 03:00:00,0.49
24-Aug-18 04:00:00,0.49
24-Aug-18 05:00:00,0.49
24-Aug-18 06:00:00,0.49
24-Aug-18 07:00:00,0.49
24-Aug-18 08:00:00,0.49
24-Aug-18 09:00:00,0.49
24-Aug-18 10:00:00,0.49
24-Aug-18 11:00:00,0.49
24-Aug-18 12:00:00,0.49
24-Aug-18 13:00:00,0.49
24-Aug-18 14:00:00,0.49
24-Aug-18 15:00:00,0.49
24-Aug-18 16:00:00,0.49
24-Aug-18 17:00:00,0.49
24-Aug-18 18:00:00,0.49
24-Aug-18 19:00:00,0.49
24-Aug-18 20:00:00,0.49
24-Aug-18 21:00:00,0.49
24-Aug-18 22:00:00,0.49
24-Aug-18 23:00:00,0.49
25-Aug-18 00:00:00,0.49
25-Aug-18 01:00:00,0.49
25-Aug-18 02:00:00,0.49
25-Aug-18 03:00:00,0.49
25-Aug-18 04:00:00,0.49
25-Aug-18 05:00:00,0.49
25-Aug-18 06:00:00,0.49
25-Aug-18 07:00:00,0.49
25-Aug-18 08:00:00,0.49
25-Aug-18 09:00:00,0.49
25-Aug-18 10:00:00,0.49
25-Aug-18 11:00:00,0.49
25-Aug-18 12:00:00,0.49
25-Aug-18 13:00:00,0.49
25-Aug-18 14:00:00,0.49
25-Aug-18 15:00:00,0.49
25-Aug-18 16:00:00,0.49
25-Aug-18 17:00:00,0.49
25-Aug-18 18:00:00,0.49
25-Aug-18 19:00:00,0.49
25-Aug-18 20:00:00,0.49
25-Aug-18 21:00:00,0.49
25-Aug-18 22:00:00,0.49
25-Aug-18 23:00:00,0.49
26-Aug-18 00:00:00,0.49
26-Aug-18 01:00:00,0.49
26-Aug-18 02:00:00,0.49
26-Aug-18 03:00:00,0.49
26-Aug-18 04:00:00,0.49
26-Aug-18 05:00:00,0.49
26-Aug-18 06:00:00,0.49
26-Aug-18 07:00:00,0.49
26-Aug-18 08:00:00,0.49
26-Aug-18 09:00:00,0.49
26-Aug-18 10:00:00,0.49
26-Aug-18 11:00:00,0.49
26-Aug-18 12:00:00,0.49
26-Aug-18 13:00:00,0.49
26-Aug-18 14:00:00,0.49
26-Aug-18 15:00:00,0.49
26-Aug-18 16:00:00,0.49
26-Aug-18 17:00:00,0.49
26-Aug-18 18:00:00,0.49
26-Aug-18 19:00:00,0.49
26-Aug-18 20:00:00,0.49
26-Aug-18 21:00:00,0.49
26-Aug-18 22:00:00,0.49
26-Aug-18 23:00:00,0.49
27-Aug-18 00:00:00,0.49
27-Aug-18 01:00:00,0.49
27-Aug-18 02:00:00,0.49
27-Aug-18 03:00:00,0.49
27-Aug-18 04:00:00,0.49
27-Aug-18 05:00:00,0.49
27-Aug-18 06:00:00,0.49
27-Aug-18 07:00:00,0.49
27-Aug-18 08:00:00,0.49
27-Aug-18 09:00:00,0.49
27-Aug-18 10:00:00,0.49
27-Aug-18 11:00:00,0.49
27-Aug-18 12:00:00,0.49
27-Aug-18 13:00:00,0.49
27-Aug-18 14:00:00,0.49
27-Aug-18 15:00:00,0.49
27-Aug-18 16:00:00,0.49
27-Aug-18 17:00:00,0.49
27-Aug-18 18:00:00,0.49
27-Aug-18 19:00:00,0.49
27-Aug-18 20:00:00,0.49
27-Aug-18 21:00:00,0.49
27-Aug-18 22:00:00,0.49
27-Aug-18 23:00:00,0.49
28-Aug-18 00:00:00,0.49
28-Aug-18 01:00:00,0.49
28-Aug-18 02:00:00,0.49
28-Aug-18 03:00:00,0.49
28-Aug-18 04:00:00,0.49
28-Aug-18 05:00:00,0.49
28-Aug-18 06:00:00,0.49
28-Aug-18 07:00:00,0.49
28-Aug-18 08:00:00,0.49
28-Aug-18 09:00:00,0.49
28-Aug-18 10:00:00,0.49
28-Aug-18 11:00:00,0.49
28-Aug-18 12:00:00,0.49
28-Aug-18 13:00:00,0.49
28-Aug-18 14:00:00,0.49
28-Aug-18 15:00:00,0.49
28-Aug-18 16:00:00,0.49
28-Aug-18 17:00:00,0.49
28-Aug-18 18:00:00,0.49
28-Aug-18 19:00:00,0.49
28-Aug-18 20:00:00,0.49
28-Aug-18 21:00:00,0.49
28-Aug-18 22:00:00,0.49
28-Aug-18 23:00:00,0.49
29-Aug-18 00:00:00,0.49
29-Aug-18 01:00:00,0.49
29-Aug-18 02:00:00,0.49
29-Aug-18 03:00:00,0.49
29-Aug-18 04:00:00,0.49
29-Aug-18 05:00:00,0.49
29-Aug-18 06:00:00,0.49
29-Aug-18 07:00:00,0.49
29-Aug-18 08:00:00,0.49
29-Aug-18 09:00:00,0.49
29-Aug-18 10:00:00,0.49
29-Aug-18 11:00:00,0.49
29-Aug-18 12:00:00,0.49
29-Aug-18 13:00:00,0.49
29-Aug-18 14:00:00,0.49
29-Aug-18 15:00:00,0.49
29-Aug-18 16:00:00,0.49
29-Aug-18 17:00:00,0.49
29-Aug-18 18:00:00,0.49
29-Aug-18 19:00:00,0.49
29-Aug-18 20:00:00,0.49
29-Aug-18 21:00:00,0.49
29-Aug-18 22:00:00,0.49
29-Aug-18 23:00:00,0.49
30-Aug-18 00:00:00,0.49
30-Aug-18 01:00:00,0.49
30-Aug-18 02:00:00,0.49
30-Aug-18 03:00:00,0.49
30-Aug-18 04:00:00,0.49
30-Aug-18 05:00:00,0.49
30-Aug-18 06:00:00,0.49
30-Aug-18 07:00:00,0.49
30-Aug-18 08:00:00,0.49
30-Aug-18 09:00:00,0.49
30-Aug-18 10:00:00,0.49
30-Aug-18 11:00:00,0.49
30-Aug-18 12:00:00,0.498
30-Aug-18 13:00:00,0.498
30-Aug-18 14:00:00,0.498
30-Aug-18 15:00:00,0.498
30-Aug-18 16:00:00,0.498
30-Aug-18 17:00:00,0.498
30-Aug-18 18:00:00,0.498
30-Aug-18 19:00:00,0.498
30-Aug-18 20:00:00,0.498
30-Aug-18 21:00:00,0.498
30-Aug-18 22:00:00,0.498
30-Aug-18 23:00:00,0.498
31-Aug-18 00:00:00,0.493
31-Aug-18 01:00:00,0.493
31-Aug-18 02:00:00,0.493
31-Aug-18 03:00:00,0.493
31-Aug-18 04:00:00,0.493
31-Aug-18 05:00:00,0.493
31-Aug-18 06:00:00,0.493
31-Aug-18 07:00:00,0.493
31-Aug-18 08:00:00,0.493
31-Aug-18 09:00:00,0.493
31-Aug-18 10:00:00,0.493
31-Aug-18 11:00:00,0.493
31-Aug-18 12:00:00,0.493
31-Aug-18 13:00:00,0.493
31-Aug-18 14:00:00,0.493
31-Aug-18 15:00:00,0.493
31-Aug-18 16:00:00,0.493
31-Aug-18 17:00:00,0.493
31-Aug-18 18:00:00,0.493
31-Aug-18 19:00:00,0.493
31-Aug-18 20:00:00,0.493
31-Aug-18 21:00:00,0.493
31-Aug-18 22:00:00,0.493
31-Aug-18 23:00:00,0.493
01-Sep-18 00:00:00,0.485
01-Sep-18 01:00:00,0.485
01-Sep-18 02:00:00,0.485
01-Sep-18 03:00:00,0.485
01-Sep-18 04:00:00,0.485
01-Sep-18 05:00:00,0.485
01-Sep-18 06:00:00,0.485
01-Sep-18 07:00:00,0.485
01-Sep-18 08:00:00,0.485
01-Sep-18 09:00:00,0.485
01-Sep-18 10:00:00,0.485
01-Sep-18 11:00:00,0.485
01-Sep-18 12:00:00,0.485
01-Sep-18 13:00:00,0.485
01-Sep-18 14:00:00,0.485
01-Sep-18 15:00:00,0.485
01-Sep-18 16:00:00,0.485
01-Sep-18 17:00:00,0.485
01-Sep-18 18:00:00,0.485
01-Sep-18 19:00:00,0.485
01-Sep-18 20:00:00,0.485
01-Sep-18 21:00:00,0.485
01-Sep-18 22:00:00,0.485
01-Sep-18 23:00:00,0.485
02-Sep-18 00:00:00,0.519
02-Sep-18 01:00:00,0.519
02-Sep-18 02:00:00,0.519
02-Sep-18 03:00:00,0.519
02-Sep-18 04:00:00,0.519
02-Sep-18 05:00:00,0.519
02-Sep-18 06:00:00,0.519
02-Sep-18 07:00:00,0.519
02-Sep-18 08:00:00,0.519
02-Sep-18 09:00:00,0.519
02-Sep-18 10:00:00,0.519
02-Sep-18 11:00:00,0.519
02-Sep-18 12:00:00,0.519
02-Sep-18 13:00:00,0.519
02-Sep-18 14:00:00,0.519
02-Sep-18 15:00:00,0.519
02-Sep-18 16:00:00,0.519
02-Sep-18 17:00:00,0.519
02-Sep-18 18:00:00,0.519
02-Sep-18 19:00:00,0.519
02-Sep-18 20:00:00,0.519
02-Sep-18 21:00:00,0.519
02-Sep-18 22:00:00,0.519
02-Sep-18 23:00:00,0.519
03-Sep-18 00:00:00,0.507
03-Sep-18 01:00:00,0.507
03-Sep-18 02:00:00,0.507
03-Sep-18 03:00:00,0.507
03-Sep-18 04:00:00,0.507
03-Sep-18 05:00:00,0.507
03-Sep-18 06:00:00,0.507
03-Sep-18 07:00:00,0.507
03-Sep-18 08:00:00,0.507
03-Sep-18 09:00:00,0.507
03-Sep-18 10:00:00,0.507
03-Sep-18 11:00:00,0.507
03-Sep-18 12:00:00,0.507
03-Sep-18 13:00:00,0.507
03-Sep-18 14:00:00,0.507
03-Sep-18 15:00:00,0.507
03-Sep-18 16:00:00,0.507
03-Sep-18 17:00:00,0.507
03-Sep-18 18:00:00,0.507
03-Sep-18 19:00:00,0.507
03-Sep-18 20:00:00,0.507
03-Sep-18 21:00:00,0.507
03-Sep-18 22:00:00,0.507
03-Sep-18 23:00:00,0.507
04-Sep-18 00:00:00,0.509
04-Sep-18 01:00:00,0.509
04-Sep-18 02:00:00,0.509
04-Sep-18 03:00:00,0.509
04-Sep-18 04:00:00,0.509
04-Sep-18 05:00:00,0.509
04-Sep-18 06:00:00,0.509
04-Sep-18 07:00:00,0.509
04-Sep-18 08:00:00,0.509
04-Sep-18 09:00:00,0.509
04-Sep-18 10:00:00,0.509
04-Sep-18 11:00:00,0.509
04-Sep-18 12:00:00,0.509
04-Sep-18 13:00:00,0.509
04-Sep-18 14:00:00,0.509
04-Sep-18 15:00:00,0.509
04-Sep-18 16:00:00,0.509
04-Sep-18 17:00:00,0.509
04-Sep-18 18:00:00,0.509
04-Sep-18 19:00:00,0.509
04-Sep-18 20:00:00,0.509
04-Sep-18 21:00:00,0.509
04-Sep-18 22:00:00,0.509
04-Sep-18 23:00:00,0.509
05-Sep-18 00:00:00,0.544
05-Sep-18 01:00:00,0.544
05-Sep-18 02:00:00,0.544
05-Sep-18 03:00:00,0.544
05-Sep-18 04:00:00,0.544
05-Sep-18 05:00:00,0.544
05-Sep-18 06:00:00,0.544
05-Sep-18 07:00:00,0.544
05-Sep-18 08:00:00,0.544
05-Sep-18 09:00:00,0.544
05-Sep-18 10:00:00,0.544
05-Sep-18 11:00:00,0.544
05-Sep-18 12:00:00,0.544
05-Sep-18 13:00:00,0.544
05-Sep-18 14:00:00,0.544
05-Sep-18 15:00:00,0.544
05-Sep-18 16:00:00,0.544
05-Sep-18 17:00:00,0.544
05-Sep-18 18:00:00,0.544
05-Sep-18 19:00:00,0.544
05-Sep-18 20:00:00,0.544
05-Sep-18 21:00:00,0.544
05-Sep-18 22:00:00,0.544
05-Sep-18 23:00:00,0.544
06-Sep-18 00:00:00,0.45
06-Sep-18 01:00:00,0.45
06-Sep-18 02:00:00,0.45
06-Sep-18 03:00:00,0.45
06-Sep-18 04:00:00,0.45
06-Sep-18 05:00:00,0.45
06-Sep-18 06:00:00,0.45
06-Sep-18 07:00:00,0.45
06-Sep-18 08:00:00,0.45
06-Sep-18 09:00:00,0.45
06-Sep-18 10:00:00,0.45
06-Sep-18 11:00:00,0.45
06-Sep-18 12:00:00,0.45
06-Sep-18 13:00:00,0.45
06-Sep-18 14:00:00,0.45
06-Sep-18 15:00:00,0.45
06-Sep-18 16:00:00,0.45
06-Sep-18 17:00:00,0.45
06-Sep-18 18:00:00,0.45
06-Sep-18 19:00:00,0.45
06-Sep-18 20:00:00,0.45
06-Sep-18 21:00:00,0.45
06-Sep-18 22:00:00,0.45
06-Sep-18 23:00:00,0.45
07-Sep-18 00:00:00,0.496
07-Sep-18 01:00:00,0.496
07-Sep-18 02:00:00,0.496
07-Sep-18 03:00:00,0.496
07-Sep-18 04:00:00,0.496
07-Sep-18 05:00:00,0.496
07-Sep-18 06:00:00,0.496
07-Sep-18 07:00:00,0.496
07-Sep-18 08:00:00,0.496
07-Sep-18 09:00:00,0.496
07-Sep-18 10:00:00,0.496
07-Sep-18 11:00:00,0.496
07-Sep-18 12:00:00,0.496
07-Sep-18 13:00:00,0.496
07-Sep-18 14:00:00,0.496
07-Sep-18 15:00:00,0.496
07-Sep-18 16:00:00,0.496
07-Sep-18 17:00:00,0.496
07-Sep-18 18:00:00,0.496
07-Sep-18 19:00:00,0.496
07-Sep-18 20:00:00,0.496
07-Sep-18 21:00:00,0.496
07-Sep-18 22:00:00,0.496
07-Sep-18 23:00:00,0.496
08-Sep-18 00:00:00,0.474
08-Sep-18 01:00:00,0.474
08-Sep-18 02:00:00,0.474
08-Sep-18 03:00:00,0.474
08-Sep-18 04:00:00,0.474
08-Sep-18 05:00:00,0.474
08-Sep-18 06:00:00,0.474
08-Sep-18 07:00:00,0.474
08-Sep-18 08:00:00,0.474
08-Sep-18 09:00:00,0.474
08-Sep-18 10:00:00,0.474
08-Sep-18 11:00:00,0.474
08-Sep-18 12:00:00,0.474
08-Sep-18 13:00:00,0.474
08-Sep-18 14:00:00,0.474
08-Sep-18 15:00:00,0.474
08-Sep-18 16:00:00,0.474
08-Sep-18 17:00:00,0.474
08-Sep-18 18:00:00,0.474
08-Sep-18 19:00:00,0.474
08-Sep-18 20:00:00,0.474
08-Sep-18 21:00:00,0.474
08-Sep-18 22:00:00,0.474
08-Sep-18 23:00:00,0.474
09-Sep-18 00:00:00,0.488
09-Sep-18 01:00:00,0.488
09-Sep-18 02:00:00,0.488
09-Sep-18 03:00:00,0.488
09-Sep-18 04:00:00,0.488
09-Sep-18 05:00:00,0.488
09-Sep-18 06:00:00,0.488
09-Sep-18 07:00:00,0.488
09-Sep-18 08:00:00,0.488
09-Sep-18 09:00:00,0.488
09-Sep-18 10:00:00,0.488
09-Sep-18 11:00:00,0.488
09-Sep-18 12:00:00,0.488
09-Sep-18 13:00:00,0.488
09-Sep-18 14:00:00,0.488
09-Sep-18 15:00:00,0.488
09-Sep-18 16:00:00,0.488
09-Sep-18 17:00:00,0.488
09-Sep-18 18:00:00,0.488
09-Sep-18 19:00:00,0.488
09-Sep-18 20:00:00,0.488
09-Sep-18 21:00:00,0.488
09-Sep-18 22:00:00,0.488
09-Sep-18 23:00:00,0.488
10-Sep-18 00:00:00,0.496
10-Sep-18 01:00:00,0.496
10-Sep-18 02:00:00,0.496
10-Sep-18 03:00:00,0.496
10-Sep-18 04:00:00,0.496
10-Sep-18 05:00:00,0.496
10-Sep-18 06:00:00,0.496
10-Sep-18 07:00:00,0.496
10-Sep-18 08:00:00,0.496
10-Sep-18 09:00:00,0.496
10-Sep-18 10:00:00,0.496
10-Sep-18 11:00:00,0.496
10-Sep-18 12:00:00,0.496
10-Sep-18 13:00:00,0.496
10-Sep-18 14:00:00,0.496
10-Sep-18 15:00:00,0.496
10-Sep-18 16:00:00,0.496
10-Sep-18 17:00:00,0.496
10-Sep-18 18:00:00,0.496
10-Sep-18 19:00:00,0.496
10-Sep-18 20:00:00,0.496
10-Sep-18 21:00:00,0.496
10-Sep-18 22:00:00,0.496
10-Sep-18 23:00:00,0.496
11-Sep-18 00:00:00,0.493
11-Sep-18 01:00:00,0.493
11-Sep-18 02:00:00,0.493
11-Sep-18 03:00:00,0.493
11-Sep-18 04:00:00,0.493
11-Sep-18 05:00:00,0.493
11-Sep-18 06:00:00,0.493
11-Sep-18 07:00:00,0.493
11-Sep-18 08:00:00,0.493
11-Sep-18 09:00:00,0.493
11-Sep-18 10:00:00,0.493
11-Sep-18 11:00:00,0.493
11-Sep-18 12:00:00,0.493
11-Sep-18 13:00:00,0.493
11-Sep-18 14:00:00,0.493
11-Sep-18 15:00:00,0.493
11-Sep-18 16:00:00,0.493
11-Sep-18 17:00:00,0.493
11-Sep-18 18:00:00,0.493
11-Sep-18 19:00:00,0.493
11-Sep-18 20:00:00,0.493
11-Sep-18 21:00:00,0.493
11-Sep-18 22:00:00,0.493
11-Sep-18 23:00:00,0.493
12-Sep-18 00:00:00,0.505
12-Sep-18 01:00:00,0.505
12-Sep-18 02:00:00,0.505
12-Sep-18 03:00:00,0.505
12-Sep-18 04:00:00,0.505
12-Sep-18 05:00:00,0.505
12-Sep-18 06:00:00,0.505
12-Sep-18 07:00:00,0.505
12-Sep-18 08:00:00,0.505
12-Sep-18 09:00:00,0.505
12-Sep-18 10:00:00,0.505
12-Sep-18 11:00:00,0.505
12-Sep-18 12:00:00,0.505
12-Sep-18 13:00:00,0.505
12-Sep-18 14:00:00,0.505
12-Sep-18 15:00:00,0.505
12-Sep-18 16:00:00,0.505
12-Sep-18 17:00:00,0.505
12-Sep-18 18:00:00,0.505
12-Sep-18 19:00:00,0.505
12-Sep-18 20:00:00,0.505
12-Sep-18 21:00:00,0.505
12-Sep-18 22:00:00,0.505
12-Sep-18 23:00:00,0.505
13-Sep-18 00:00:00,0.52
13-Sep-18 01:00:00,0.52
13-Sep-18 02:00:00,0.52
13-Sep-18 03:00:00,0.52
13-Sep-18 04:00:00,0.52
13-Sep-18 05:00:00,0.52
13-Sep-18 06:00:00,0.52
13-Sep-18 07:00:00,0.52
13-Sep-18 08:00:00,0.52
13-Sep-18 09:00:00,0.52
13-Sep-18 10:00:00,0.52
13-Sep-18 11:00:00,0.52
13-Sep-18 12:00:00,0.52
13-Sep-18 13:00:00,0.52
13-Sep-18 14:00:00,0.52
13-Sep-18 15:00:00,0.52
13-Sep-18 16:00:00,0.52
13-Sep-18 17:00:00,0.52
13-Sep-18 18:00:00,0.52
13-Sep-18 19:00:00,0.52
13-Sep-18 20:00:00,0.52
13-Sep-18 21:00:00,0.52
13-Sep-18 22:00:00,0.52
13-Sep-18 23:00:00,0.52
14-Sep-18 00:00:00,0.503
14-Sep-18 01:00:00,0.503
14-Sep-18 02:00:00,0.503
14-Sep-18 03:00:00,0.503
14-Sep-18 04:00:00,0.503
14-Sep-18 05:00:00,0.503
14-Sep-18 06:00:00,0.503
14-Sep-18 07:00:00,0.503
14-Sep-18 08:00:00,0.503
14-Sep-18 09:00:00,0.503
14-Sep-18 10:00:00,0.503
14-Sep-18 11:00:00,0.503
14-Sep-18 12:00:00,0.503
14-Sep-18 13:00:00,0.503
14-Sep-18 14:00:00,0.503
14-Sep-18 15:00:00,0.503
14-Sep-18 16:00:00,0.503
14-Sep-18 17:00:00,0.503
14-Sep-18 18:00:00,0.503
14-Sep-18 19:00:00,0.503
14-Sep-18 20:00:00,0.503
14-Sep-18 21:00:00,0.503
14-Sep-18 22:00:00,0.503
14-Sep-18 23:00:00,0.503
15-Sep-18 00:00:00,0.493
15-Sep-18 01:00:00,0.493
15-Sep-18 02:00:00,0.493
15-Sep-18 03:00:00,0.493
15-Sep-18 04:00:00,0.493
15-Sep-18 05:00:00,0.493
15-Sep-18 06:00:00,0.493
15-Sep-18 07:00:00,0.493
15-Sep-18 08:00:00,0.493
15-Sep-18 09:00:00,0.493
15-Sep-18 10:00:00,0.493
15-Sep-18 11:00:00,0.493
15-Sep-18 12:00:00,0.493
15-Sep-18 13:00:00,0.493
15-Sep-18 14:00:00,0.493
15-Sep-18 15:00:00,0.493
15-Sep-18 16:00:00,0.493
15-Sep-18 17:00:00,0.493
15-Sep-18 18:00:00,0.493
15-Sep-18 19:00:00,0.493
15-Sep-18 20:00:00,0.493
15-Sep-18 21:00:00,0.493
15-Sep-18 22:00:00,0.493
15-Sep-18 23:00:00,0.493
16-Sep-18 00:00:00,0.524
16-Sep-18 01:00:00,0.524
16-Sep-18 02:00:00,0.524
16-Sep-18 03:00:00,0.524
16-Sep-18 04:00:00,0.524
16-Sep-18 05:00:00,0.524
16-Sep-18 06:00:00,0.524
16-Sep-18 07:00:00,0.524
16-Sep-18 08:00:00,0.524
16-Sep-18 09:00:00,0.524
16-Sep-18 10:00:00,0.524
16-Sep-18 11:00:00,0.524
16-Sep-18 12:00:00,0.524
16-Sep-18 13:00:00,0.524
16-Sep-18 14:00:00,0.524
16-Sep-18 15:00:00,0.524
16-Sep-18 16:00:00,0.524
16-Sep-18 17:00:00,0.524
16-Sep-18 18:00:00,0.524
16-Sep-18 19:00:00,0.524
16-Sep-18 20:00:00,0.524
16-Sep-18 21:00:00,0.524
16-Sep-18 22:00:00,0.524
16-Sep-18 23:00:00,0.524
17-Sep-18 00:00:00,0.5
17-Sep-18 01:00:00,0.5
17-Sep-18 02:00:00,0.5
17-Sep-18 03:00:00,0.5
17-Sep-18 04:00:00,0.5
17-Sep-18 05:00:00,0.5
17-Sep-18 06:00:00,0.5
17-Sep-18 07:00:00,0.5
17-Sep-18 08:00:00,0.5
17-Sep-18 09:00:00,0.5
17-Sep-18 10:00:00,0.5
17-Sep-18 11:00:00,0.5
17-Sep-18 12:00:00,0.5
17-Sep-18 13:00:00,0.5
17-Sep-18 14:00:00,0.5
17-Sep-18 15:00:00,0.5
17-Sep-18 16:00:00,0.5
17-Sep-18 17:00:00,0.5
17-Sep-18 18:00:00,0.5
17-Sep-18 19:00:00,0.5
17-Sep-18 20:00:00,0.5
17-Sep-18 21:00:00,0.5
17-Sep-18 22:00:00,0.5
17-Sep-18 23:00:00,0.5
18-Sep-18 00:00:00,0.51
18-Sep-18 01:00:00,0.51
18-Sep-18 02:00:00,0.51
18-Sep-18 03:00:00,0.51
18-Sep-18 04:00:00,0.51
18-Sep-18 05:00:00,0.51
18-Sep-18 06:00:00,0.51
18-Sep-18 07:00:00,0.51
18-Sep-18 08:00:00,0.51
18-Sep-18 09:00:00,0.51
18-Sep-18 10:00:00,0.51
18-Sep-18 11:00:00,0.51
18-Sep-18 12:00:00,0.51
18-Sep-18 13:00:00,0.51
18-Sep-18 14:00:00,0.51
18-Sep-18 15:00:00,0.51
18-Sep-18 16:00:00,0.51
18-Sep-18 17:00:00,0.51
18-Sep-18 18:00:00,0.51
18-Sep-18 19:00:00,0.51
18-Sep-18 20:00:00,0.51
18-Sep-18 21:00:00,0.51
18-Sep-18 22:00:00,0.51
18-Sep-18 23:00:00,0.51
19-Sep-18 00:00:00,0.516
19-Sep-18 01:00:00,0.516
19-Sep-18 02:00:00,0.516
19-Sep-18 03:00:00,0.516
19-Sep-18 04:00:00,0.516
19-Sep-18 05:00:00,0.516
19-Sep-18 06:00:00,0.516
19-Sep-18 07:00:00,0.516
19-Sep-18 08:00:00,0.516
19-Sep-18 09:00:00,0.516
19-Sep-18 10:00:00,0.516
19-Sep-18 11:00:00,0.516
19-Sep-18 12:00:00,0.516
19-Sep-18 13:00:00,0.516
19-Sep-18 14:00:00,0.516
19-Sep-18 15:00:00,0.516
19-Sep-18 16:00:00,0.516
19-Sep-18 17:00:00,0.516
19-Sep-18 18:00:00,0.516
19-Sep-18 19:00:00,0.516
19-Sep-18 20:00:00,0.516
19-Sep-18 21:00:00,0.516
19-Sep-18 22:00:00,0.516
19-Sep-18 23:00:00,0.516
20-Sep-18 00:00:00,0.503
20-Sep-18 01:00:00,0.503
20-Sep-18 02:00:00,0.503
20-Sep-18 03:00:00,0.503
20-Sep-18 04:00:00,0.503
20-Sep-18 05:00:00,0.503
20-Sep-18 06:00:00,0.503
20-Sep-18 07:00:00,0.503
20-Sep-18 08:00:00,0.503
20-Sep-18 09:00:00,0.503
20-Sep-18 10:00:00,0.503
20-Sep-18 11:00:00,0.503
20-Sep-18 12:00:00,0.503
20-Sep-18 13:00:00,0.503
20-Sep-18 14:00:00,0.503
20-Sep-18 15:00:00,0.503
20-Sep-18 16:00:00,0.503
20-Sep-18 17:00:00,0.503
20-Sep-18 18:00:00,0.503
20-Sep-18 19:00:00,0.503
20-Sep-18 20:00:00,0.503
20-Sep-18 21:00:00,0.503
20-Sep-18 22:00:00,0.503
20-Sep-18 23:00:00,0.503
21-Sep-18 00:00:00,0.499
21-Sep-18 01:00:00,0.499
21-Sep-18 02:00:00,0.499
21-Sep-18 03:00:00,0.499
21-Sep-18 04:00:00,0.499
21-Sep-18 05:00:00,0.499
21-Sep-18 06:00:00,0.499
21-Sep-18 07:00:00,0.499
21-Sep-18 08:00:00,0.499
21-Sep-18 09:00:00,0.499
21-Sep-18 10:00:00,0.499
21-Sep-18 11:00:00,0.499
21-Sep-18 12:00:00,0.499
21-Sep-18 13:00:00,0.499
21-Sep-18 14:00:00,0.499
21-Sep-18 15:00:00,0.499
21-Sep-18 16:00:00,0.499
21-Sep-18 17:00:00,0.499
21-Sep-18 18:00:00,0.499
21-Sep-18 19:00:00,0.499
21-Sep-18 20:00:00,0.499
21-Sep-18 21:00:00,0.499
21-Sep-18 22:00:00,0.499
21-Sep-18 23:00:00,0.499
22-Sep-18 00:00:00,0.493
22-Sep-18 01:00:00,0.493
22-Sep-18 02:00:00,0.493
22-Sep-18 03:00:00,0.493
22-Sep-18 04:00:00,0.493
22-Sep-18 05:00:00,0.493
22-Sep-18 06:00:00,0.493
22-Sep-18 07:00:00,0.493
22-Sep-18 08:00:00,0.493
22-Sep-18 09:00:00,0.493
22-Sep-18 10:00:00,0.493
22-Sep-18 11:00:00,0.493
22-Sep-18 12:00:00,0.493
22-Sep-18 13:00:00,0.493
22-Sep-18 14:00:00,0.493
22-Sep-18 15:00:00,0.493
22-Sep-18 16:00:00,0.493
22-Sep-18 17:00:00,0.493
22-Sep-18 18:00:00,0.493
22-Sep-18 19:00:00,0.493
22-Sep-18 20:00:00,0.493
22-Sep-18 21:00:00,0.493
22-Sep-18 22:00:00,0.493
22-Sep-18 23:00:00,0.493
23-Sep-18 00:00:00,0.51
23-Sep-18 01:00:00,0.51
23-Sep-18 02:00:00,0.51
23-Sep-18 03:00:00,0.51
23-Sep-18 04:00:00,0.51
23-Sep-18 05:00:00,0.51
23-Sep-18 06:00:00,0.51
23-Sep-18 07:00:00,0.51
23-Sep-18 08:00:00,0.51
23-Sep-18 09:00:00,0.51
23-Sep-18 10:00:00,0.51
23-Sep-18 11:00:00,0.51
23-Sep-18 12:00:00,0.51
23-Sep-18 13:00:00,0.51
23-Sep-18 14:00:00,0.51
23-Sep-18 15:00:00,0.51
23-Sep-18 16:00:00,0.51
23-Sep-18 17:00:00,0.51
23-Sep-18 18:00:00,0.51
23-Sep-18 19:00:00,0.51
23-Sep-18 20:00:00,0.51
23-Sep-18 21:00:00,0.51
23-Sep-18 22:00:00,0.51
23-Sep-18 23:00:00,0.51
24-Sep-18 00:00:00,0.489
24-Sep-18 01:00:00,0.489
24-Sep-18 02:00:00,0.489
24-Sep-18 03:00:00,0.489
24-Sep-18 04:00:00,0.489
24-Sep-18 05:00:00,0.489
24-Sep-18 06:00:00,0.489
24-Sep-18 07:00:00,0.489
24-Sep-18 08:00:00,0.489
24-Sep-18 09:00:00,0.489
24-Sep-18 10:00:00,0.489
24-Sep-18 11:00:00,0.489
24-Sep-18 12:00:00,0.489
24-Sep-18 13:00:00,0.489
24-Sep-18 14:00:00,0.489
24-Sep-18 15:00:00,0.489
24-Sep-18 16:00:00,0.489
24-Sep-18 17:00:00,0.489
24-Sep-18 18:00:00,0.489
24-Sep-18 19:00:00,0.489
24-Sep-18 20:00:00,0.489
24-Sep-18 21:00:00,0.489
24-Sep-18 22:00:00,0.489
24-Sep-18 23:00:00,0.489
25-Sep-18 00:00:00,0.514
25-Sep-18 01:00:00,0.514
25-Sep-18 02:00:00,0.514
25-Sep-18 03:00:00,0.514
25-Sep-18 04:00:00,0.514
25-Sep-18 05:00:00,0.514
25-Sep-18 06:00:00,0.514
25-Sep-18 07:00:00,0.514
25-Sep-18 08:00:00,0.514
25-Sep-18 09:00:00,0.514
25-Sep-18 10:00:00,0.514
25-Sep-18 11:00:00,0.514
25-Sep-18 12:00:00,0.514
25-Sep-18 13:00:00,0.514
25-Sep-18 14:00:00,0.514
25-Sep-18 15:00:00,0.514
25-Sep-18 16:00:00,0.514
25-Sep-18 17:00:00,0.514
25-Sep-18 18:00:00,0.514
25-Sep-18 19:00:00,0.514
25-Sep-18 20:00:00,0.514
25-Sep-18 21:00:00,0.514
25-Sep-18 22:00:00,0.514
25-Sep-18 23:00:00,0.514
26-Sep-18 00:00:00,0.525
26-Sep-18 01:00:00,0.525
26-Sep-18 02:00:00,0.525
26-Sep-18 03:00:00,0.525
26-Sep-18 04:00:00,0.525
26-Sep-18 05:00:00,0.525
26-Sep-18 06:00:00,0.525
26-Sep-18 07:00:00,0.525
26-Sep-18 08:00:00,0.525
26-Sep-18 09:00:00,0.525
26-Sep-18 10:00:00,0.525
26-Sep-18 11:00:00,0.525
26-Sep-18 12:00:00,0.525
26-Sep-18 13:00:00,0.525
26-Sep-18 14:00:00,0.525
26-Sep-18 15:00:00,0.525
26-Sep-18 16:00:00,0.525
26-Sep-18 17:00:00,0.525
26-Sep-18 18:00:00,0.525
26-Sep-18 19:00:00,0.525
26-Sep-18 20:00:00,0.525
26-Sep-18 21:00:00,0.525
26-Sep-18 22:00:00,0.525
26-Sep-18 23:00:00,0.525
27-Sep-18 00:00:00,0.534
27-Sep-18 01:00:00,0.534
27-Sep-18 02:00:00,0.534
27-Sep-18 03:00:00,0.534
27-Sep-18 04:00:00,0.534
27-Sep-18 05:00:00,0.534
27-Sep-18 06:00:00,0.534
27-Sep-18 07:00:00,0.534
27-Sep-18 08:00:00,0.534
27-Sep-18 09:00:00,0.534
27-Sep-18 10:00:00,0.534
27-Sep-18 11:00:00,0.534
27-Sep-18 12:00:00,0.534
27-Sep-18 13:00:00,0.534
27-Sep-18 14:00:00,0.534
27-Sep-18 15:00:00,0.534
27-Sep-18 16:00:00,0.534
27-Sep-18 17:00:00,0.534
27-Sep-18 18:00:00,0.534
27-Sep-18 19:00:00,0.534
27-Sep-18 20:00:00,0.534
27-Sep-18 21:00:00,0.534
27-Sep-18 22:00:00,0.534
27-Sep-18 23:00:00,0.534
28-Sep-18 00:00:00,0.497
28-Sep-18 01:00:00,0.497
28-Sep-18 02:00:00,0.497
28-Sep-18 03:00:00,0.497
28-Sep-18 04:00:00,0.497
28-Sep-18 05:00:00,0.497
28-Sep-18 06:00:00,0.497
28-Sep-18 07:00:00,0.497
28-Sep-18 08:00:00,0.497
28-Sep-18 09:00:00,0.497
28-Sep-18 10:00:00,0.497
28-Sep-18 11:00:00,0.497
28-Sep-18 12:00:00,0.497
28-Sep-18 13:00:00,0.497
28-Sep-18 14:00:00,0.497
28-Sep-18 15:00:00,0.497
28-Sep-18 16:00:00,0.497
28-Sep-18 17:00:00,0.497
28-Sep-18 18:00:00,0.497
28-Sep-18 19:00:00,0.497
28-Sep-18 20:00:00,0.497
28-Sep-18 21:00:00,0.497
28-Sep-18 22:00:00,0.497
28-Sep-18 23:00:00,0.497
29-Sep-18 00:00:00,0.494
29-Sep-18 01:00:00,0.494
29-Sep-18 02:00:00,0.494
29-Sep-18 03:00:00,0.494
29-Sep-18 04:00:00,0.494
29-Sep-18 05:00:00,0.494
29-Sep-18 06:00:00,0.494
29-Sep-18 07:00:00,0.494
29-Sep-18 08:00:00,0.494
29-Sep-18 09:00:00,0.494
29-Sep-18 10:00:00,0.494
29-Sep-18 11:00:00,0.494
29-Sep-18 12:00:00,0.494
29-Sep-18 13:00:00,0.494
29-Sep-18 14:00:00,0.494
29-Sep-18 15:00:00,0.494
29-Sep-18 16:00:00,0.494
29-Sep-18 17:00:00,0.494
29-Sep-18 18:00:00,0.494
29-Sep-18 19:00:00,0.494
29-Sep-18 20:00:00,0.494
29-Sep-18 21:00:00,0.494
29-Sep-18 22:00:00,0.494
29-Sep-18 23:00:00,0.494
30-Sep-18 00:00:00,0.504
30-Sep-18 01:00:00,0.504
30-Sep-18 02:00:00,0.504
30-Sep-18 03:00:00,0.504
30-Sep-18 04:00:00,0.504
30-Sep-18 05:00:00,0.504
30-Sep-18 06:00:00,0.504
30-Sep-18 07:00:00,0.504
30-Sep-18 08:00:00,0.504
30-Sep-18 09:00:00,0.504
30-Sep-18 10:00:00,0.504
30-Sep-18 11:00:00,0.504
30-Sep-18 12:00:00,0.504
30-Sep-18 13:00:00,0.504
30-Sep-18 14:00:00,0.504
30-Sep-18 15:00:00,0.504
30-Sep-18 16:00:00,0.504
30-Sep-18 17:00:00,0.504
30-Sep-18 18:00:00,0.504
30-Sep-18 19:00:00,0.504
30-Sep-18 20:00:00,0.504
30-Sep-18 21:00:00,0.504
30-Sep-18 22:00:00,0.504
30-Sep-18 23:00:00,0.504
01-Oct-18 00:00:00,0.498
01-Oct-18 01:00:00,0.4975
01-Oct-18 02:00:00,0.4975
01-Oct-18 03:00:00,0.4975
01-Oct-18 04:00:00,0.4975
01-Oct-18 05:00:00,0.4975
01-Oct-18 06:00:00,0.4975
01-Oct-18 07:00:00,0.4975
01-Oct-18 08:00:00,0.4975
01-Oct-18 09:00:00,0.4975
01-Oct-18 10:00:00,0.4975
01-Oct-18 11:00:00,0.4975
01-Oct-18 12:00:00,0.4975
01-Oct-18 13:00:00,0.4975
01-Oct-18 14:00:00,0.4975
01-Oct-18 15:00:00,0.4975
01-Oct-18 16:00:00,0.4975
01-Oct-18 17:00:00,0.4975
01-Oct-18 18:00:00,0.4975
01-Oct-18 19:00:00,0.4975
01-Oct-18 20:00:00,0.4975
01-Oct-18 21:00:00,0.4975
01-Oct-18 22:00:00,0.4975
01-Oct-18 23:00:00,0.4975
02-Oct-18 00:00:00,0.499166667
02-Oct-18 01:00:00,0.499166667
02-Oct-18 02:00:00,0.499166667
02-Oct-18 03:00:00,0.499166667
02-Oct-18 04:00:00,0.499166667
02-Oct-18 05:00:00,0.499166667
02-Oct-18 06:00:00,0.499166667
02-Oct-18 07:00:00,0.499166667
02-Oct-18 08:00:00,0.499166667
02-Oct-18 09:00:00,0.499166667
02-Oct-18 10:00:00,0.499166667
02-Oct-18 11:00:00,0.499166667
02-Oct-18 12:00:00,0.499166667
02-Oct-18 13:00:00,0.499166667
02-Oct-18 14:00:00,0.499166667
02-Oct-18 15:00:00,0.499166667
02-Oct-18 16:00:00,0.499166667
02-Oct-18 17:00:00,0.499166667
02-Oct-18 18:00:00,0.499166667
02-Oct-18 19:00:00,0.499166667
02-Oct-18 20:00:00,0.499166667
02-Oct-18 21:00:00,0.499166667
02-Oct-18 22:00:00,0.499166667
02-Oct-18 23:00:00,0.499166667
03-Oct-18 00:00:00,0.501666667
03-Oct-18 01:00:00,0.501666667
03-Oct-18 02:00:00,0.501666667
03-Oct-18 03:00:00,0.501666667
03-Oct-18 04:00:00,0.501666667
03-Oct-18 05:00:00,0.501666667
03-Oct-18 06:00:00,0.501666667
03-Oct-18 07:00:00,0.501666667
03-Oct-18 08:00:00,0.501666667
03-Oct-18 09:00:00,0.501666667
03-Oct-18 10:00:00,0.501666667
03-Oct-18 11:00:00,0.501666667
03-Oct-18 12:00:00,0.501666667
03-Oct-18 13:00:00,0.501666667
03-Oct-18 14:00:00,0.501666667
03-Oct-18 15:00:00,0.501666667
03-Oct-18 16:00:00,0.501666667
03-Oct-18 17:00:00,0.501666667
03-Oct-18 18:00:00,0.501666667
03-Oct-18 19:00:00,0.501666667
03-Oct-18 20:00:00,0.501666667
03-Oct-18 21:00:00,0.501666667
03-Oct-18 22:00:00,0.501666667
03-Oct-18 23:00:00,0.501666667
04-Oct-18 00:00:00,0.506666667
04-Oct-18 01:00:00,0.506666667
04-Oct-18 02:00:00,0.506666667
04-Oct-18 03:00:00,0.506666667
04-Oct-18 04:00:00,0.506666667
04-Oct-18 05:00:00,0.506666667
04-Oct-18 06:00:00,0.506666667
04-Oct-18 07:00:00,0.506666667
04-Oct-18 08:00:00,0.506666667
04-Oct-18 09:00:00,0.506666667
04-Oct-18 10:00:00,0.506666667
04-Oct-18 11:00:00,0.506666667
04-Oct-18 12:00:00,0.506666667
04-Oct-18 13:00:00,0.506666667
04-Oct-18 14:00:00,0.506666667
04-Oct-18 15:00:00,0.506666667
04-Oct-18 16:00:00,0.506666667
04-Oct-18 17:00:00,0.506666667
04-Oct-18 18:00:00,0.506666667
04-Oct-18 19:00:00,0.506666667
04-Oct-18 20:00:00,0.506666667
04-Oct-18 21:00:00,0.506666667
04-Oct-18 22:00:00,0.506666667
04-Oct-18 23:00:00,0.506666667
05-Oct-18 00:00:00,0.5
05-Oct-18 01:00:00,0.5
05-Oct-18 02:00:00,0.5
05-Oct-18 03:00:00,0.5
05-Oct-18 04:00:00,0.5
05-Oct-18 05:00:00,0.5
05-Oct-18 06:00:00,0.5
05-Oct-18 07:00:00,0.5
05-Oct-18 08:00:00,0.5
05-Oct-18 09:00:00,0.5
05-Oct-18 10:00:00,0.5
05-Oct-18 11:00:00,0.5
05-Oct-18 12:00:00,0.5
05-Oct-18 13:00:00,0.5
05-Oct-18 14:00:00,0.5
05-Oct-18 15:00:00,0.5
05-Oct-18 16:00:00,0.5
05-Oct-18 17:00:00,0.5
05-Oct-18 18:00:00,0.5
05-Oct-18 19:00:00,0.5
05-Oct-18 20:00:00,0.5
05-Oct-18 21:00:00,0.5
05-Oct-18 22:00:00,0.5
05-Oct-18 23:00:00,0.5
06-Oct-18 00:00:00,0.498611111
06-Oct-18 01:00:00,0.498611111
06-Oct-18 02:00:00,0.498611111
06-Oct-18 03:00:00,0.498611111
06-Oct-18 04:00:00,0.498611111
06-Oct-18 05:00:00,0.498611111
06-Oct-18 06:00:00,0.498611111
06-Oct-18 07:00:00,0.498611111
06-Oct-18 08:00:00,0.498611111
06-Oct-18 09:00:00,0.498611111
06-Oct-18 10:00:00,0.498611111
06-Oct-18 11:00:00,0.498611111
06-Oct-18 12:00:00,0.498611111
06-Oct-18 13:00:00,0.498611111
06-Oct-18 14:00:00,0.498611111
06-Oct-18 15:00:00,0.498611111
06-Oct-18 16:00:00,0.498611111
06-Oct-18 17:00:00,0.498611111
06-Oct-18 18:00:00,0.498611111
06-Oct-18 19:00:00,0.498611111
06-Oct-18 20:00:00,0.498611111
06-Oct-18 21:00:00,0.498611111
06-Oct-18 22:00:00,0.498611111
06-Oct-18 23:00:00,0.498611111
07-Oct-18 00:00:00,0.502222222
07-Oct-18 01:00:00,0.502222222
07-Oct-18 02:00:00,0.502222222
07-Oct-18 03:00:00,0.502222222
07-Oct-18 04:00:00,0.502222222
07-Oct-18 05:00:00,0.502222222
07-Oct-18 06:00:00,0.502222222
07-Oct-18 07:00:00,0.502222222
07-Oct-18 08:00:00,0.502222222
07-Oct-18 09:00:00,0.502222222
07-Oct-18 10:00:00,0.502222222
07-Oct-18 11:00:00,0.502222222
07-Oct-18 12:00:00,0.502222222
07-Oct-18 13:00:00,0.502222222
07-Oct-18 14:00:00,0.502222222
07-Oct-18 15:00:00,0.502222222
07-Oct-18 16:00:00,0.502222222
07-Oct-18 17:00:00,0.502222222
07-Oct-18 18:00:00,0.502222222
07-Oct-18 19:00:00,0.502222222
07-Oct-18 20:00:00,0.502222222
07-Oct-18 21:00:00,0.502222222
07-Oct-18 22:00:00,0.502222222
07-Oct-18 23:00:00,0.502222222
08-Oct-18 00:00:00,0.493055555
08-Oct-18 01:00:00,0.493055555
08-Oct-18 02:00:00,0.493055555
08-Oct-18 03:00:00,0.493055555
08-Oct-18 04:00:00,0.493055555
08-Oct-18 05:00:00,0.493055555
08-Oct-18 06:00:00,0.493055555
08-Oct-18 07:00:00,0.493055555
08-Oct-18 08:00:00,0.493055555
08-Oct-18 09:00:00,0.493055555
08-Oct-18 10:00:00,0.493055555
08-Oct-18 11:00:00,0.493055555
08-Oct-18 12:00:00,0.493055555
08-Oct-18 13:00:00,0.493055555
08-Oct-18 14:00:00,0.493055555
08-Oct-18 15:00:00,0.493055555
08-Oct-18 16:00:00,0.493055555
08-Oct-18 17:00:00,0.493055555
08-Oct-18 18:00:00,0.493055555
08-Oct-18 19:00:00,0.493055555
08-Oct-18 20:00:00,0.493055555
08-Oct-18 21:00:00,0.493055555
08-Oct-18 22:00:00,0.493055555
08-Oct-18 23:00:00,0.493055555
09-Oct-18 00:00:00,0.4975
09-Oct-18 01:00:00,0.4975
09-Oct-18 02:00:00,0.4975
09-Oct-18 03:00:00,0.4975
09-Oct-18 04:00:00,0.4975
09-Oct-18 05:00:00,0.4975
09-Oct-18 06:00:00,0.4975
09-Oct-18 07:00:00,0.4975
09-Oct-18 08:00:00,0.4975
09-Oct-18 09:00:00,0.4975
09-Oct-18 10:00:00,0.4975
09-Oct-18 11:00:00,0.4975
09-Oct-18 12:00:00,0.4975
09-Oct-18 13:00:00,0.4975
09-Oct-18 14:00:00,0.4975
09-Oct-18 15:00:00,0.4975
09-Oct-18 16:00:00,0.4975
09-Oct-18 17:00:00,0.4975
09-Oct-18 18:00:00,0.4975
09-Oct-18 19:00:00,0.4975
09-Oct-18 20:00:00,0.4975
09-Oct-18 21:00:00,0.4975
09-Oct-18 22:00:00,0.4975
09-Oct-18 23:00:00,0.4975
10-Oct-18 00:00:00,0.498611111
10-Oct-18 01:00:00,0.498611111
10-Oct-18 02:00:00,0.498611111
10-Oct-18 03:00:00,0.498611111
10-Oct-18 04:00:00,0.498611111
10-Oct-18 05:00:00,0.498611111
10-Oct-18 06:00:00,0.498611111
10-Oct-18 07:00:00,0.498611111
10-Oct-18 08:00:00,0.498611111
10-Oct-18 09:00:00,0.498611111
10-Oct-18 10:00:00,0.498611111
10-Oct-18 11:00:00,0.498611111
10-Oct-18 12:00:00,0.498611111
10-Oct-18 13:00:00,0.498611111
10-Oct-18 14:00:00,0.498611111
10-Oct-18 15:00:00,0.498611111
10-Oct-18 16:00:00,0.498611111
10-Oct-18 17:00:00,0.498611111
10-Oct-18 18:00:00,0.498611111
10-Oct-18 19:00:00,0.498611111
10-Oct-18 20:00:00,0.498611111
10-Oct-18 21:00:00,0.498611111
10-Oct-18 22:00:00,0.498611111
10-Oct-18 23:00:00,0.498611111
11-Oct-18 00:00:00,0.511388889
11-Oct-18 01:00:00,0.511388889
11-Oct-18 02:00:00,0.511388889
11-Oct-18 03:00:00,0.511388889
11-Oct-18 04:00:00,0.511388889
11-Oct-18 05:00:00,0.511388889
11-Oct-18 06:00:00,0.511388889
11-Oct-18 07:00:00,0.511388889
11-Oct-18 08:00:00,0.511388889
11-Oct-18 09:00:00,0.511388889
11-Oct-18 10:00:00,0.511388889
11-Oct-18 11:00:00,0.511388889
11-Oct-18 12:00:00,0.511388889
11-Oct-18 13:00:00,0.511388889
11-Oct-18 14:00:00,0.511388889
11-Oct-18 15:00:00,0.511388889
11-Oct-18 16:00:00,0.511388889
11-Oct-18 17:00:00,0.511388889
11-Oct-18 18:00:00,0.511388889
11-Oct-18 19:00:00,0.511388889
11-Oct-18 20:00:00,0.511388889
11-Oct-18 21:00:00,0.511388889
11-Oct-18 22:00:00,0.511388889
11-Oct-18 23:00:00,0.511388889
12-Oct-18 00:00:00,0.483388889
12-Oct-18 01:00:00,0.483388889
12-Oct-18 02:00:00,0.483388889
12-Oct-18 03:00:00,0.483388889
12-Oct-18 04:00:00,0.483388889
12-Oct-18 05:00:00,0.483388889
12-Oct-18 06:00:00,0.483388889
12-Oct-18 07:00:00,0.483388889
12-Oct-18 08:00:00,0.483388889
12-Oct-18 09:00:00,0.483388889
12-Oct-18 10:00:00,0.483388889
12-Oct-18 11:00:00,0.483388889
12-Oct-18 12:00:00,0.483388889
12-Oct-18 13:00:00,0.483388889
12-Oct-18 14:00:00,0.483388889
12-Oct-18 15:00:00,0.483388889
12-Oct-18 16:00:00,0.483388889
12-Oct-18 17:00:00,0.483388889
12-Oct-18 18:00:00,0.483388889
12-Oct-18 19:00:00,0.483388889
12-Oct-18 20:00:00,0.483388889
12-Oct-18 21:00:00,0.483388889
12-Oct-18 22:00:00,0.483388889
12-Oct-18 23:00:00,0.483388889
13-Oct-18 00:00:00,0.499444444
13-Oct-18 01:00:00,0.499444444
13-Oct-18 02:00:00,0.499444444
13-Oct-18 03:00:00,0.499444444
13-Oct-18 04:00:00,0.499444444
13-Oct-18 05:00:00,0.499444444
13-Oct-18 06:00:00,0.499444444
13-Oct-18 07:00:00,0.499444444
13-Oct-18 08:00:00,0.499444444
13-Oct-18 09:00:00,0.499444444
13-Oct-18 10:00:00,0.499444444
13-Oct-18 11:00:00,0.499444444
13-Oct-18 12:00:00,0.499444444
13-Oct-18 13:00:00,0.499444444
13-Oct-18 14:00:00,0.499444444
13-Oct-18 15:00:00,0.499444444
13-Oct-18 16:00:00,0.499444444
13-Oct-18 17:00:00,0.499444444
13-Oct-18 18:00:00,0.499444444
13-Oct-18 19:00:00,0.499444444
13-Oct-18 20:00:00,0.499444444
13-Oct-18 21:00:00,0.499444444
13-Oct-18 22:00:00,0.499444444
13-Oct-18 23:00:00,0.499444444
14-Oct-18 00:00:00,0.502222222
14-Oct-18 01:00:00,0.502222222
14-Oct-18 02:00:00,0.502222222
14-Oct-18 03:00:00,0.502222222
14-Oct-18 04:00:00,0.502222222
14-Oct-18 05:00:00,0.502222222
14-Oct-18 06:00:00,0.502222222
14-Oct-18 07:00:00,0.502222222
14-Oct-18 08:00:00,0.502222222
14-Oct-18 09:00:00,0.502222222
14-Oct-18 10:00:00,0.502222222
14-Oct-18 11:00:00,0.502222222
14-Oct-18 12:00:00,0.502222222
14-Oct-18 13:00:00,0.502222222
14-Oct-18 14:00:00,0.502222222
14-Oct-18 15:00:00,0.502222222
14-Oct-18 16:00:00,0.502222222
14-Oct-18 17:00:00,0.502222222
14-Oct-18 18:00:00,0.502222222
14-Oct-18 19:00:00,0.502222222
14-Oct-18 20:00:00,0.502222222
14-Oct-18 21:00:00,0.502222222
14-Oct-18 22:00:00,0.502222222
14-Oct-18 23:00:00,0.502222222
15-Oct-18 00:00:00,0.505
15-Oct-18 01:00:00,0.505
15-Oct-18 02:00:00,0.505
15-Oct-18 03:00:00,0.505
15-Oct-18 04:00:00,0.505
15-Oct-18 05:00:00,0.505
15-Oct-18 06:00:00,0.505
15-Oct-18 07:00:00,0.505
15-Oct-18 08:00:00,0.505
15-Oct-18 09:00:00,0.505
15-Oct-18 10:00:00,0.505
15-Oct-18 11:00:00,0.505
15-Oct-18 12:00:00,0.505
15-Oct-18 13:00:00,0.505
15-Oct-18 14:00:00,0.505
15-Oct-18 15:00:00,0.505
15-Oct-18 16:00:00,0.505
15-Oct-18 17:00:00,0.505
15-Oct-18 18:00:00,0.505
15-Oct-18 19:00:00,0.505
15-Oct-18 20:00:00,0.505
15-Oct-18 21:00:00,0.505
15-Oct-18 22:00:00,0.505
15-Oct-18 23:00:00,0.505
16-Oct-18 00:00:00,0.497777778
16-Oct-18 01:00:00,0.497777778
16-Oct-18 02:00:00,0.497777778
16-Oct-18 03:00:00,0.497777778
16-Oct-18 04:00:00,0.497777778
16-Oct-18 05:00:00,0.497777778
16-Oct-18 06:00:00,0.497777778
16-Oct-18 07:00:00,0.497777778
16-Oct-18 08:00:00,0.497777778
16-Oct-18 09:00:00,0.497777778
16-Oct-18 10:00:00,0.497777778
16-Oct-18 11:00:00,0.497777778
16-Oct-18 12:00:00,0.497777778
16-Oct-18 13:00:00,0.497777778
16-Oct-18 14:00:00,0.497777778
16-Oct-18 15:00:00,0.497777778
16-Oct-18 16:00:00,0.497777778
16-Oct-18 17:00:00,0.497777778
16-Oct-18 18:00:00,0.497777778
16-Oct-18 19:00:00,0.497777778
16-Oct-18 20:00:00,0.497777778
16-Oct-18 21:00:00,0.497777778
16-Oct-18 22:00:00,0.497777778
16-Oct-18 23:00:00,0.497777778
17-Oct-18 00:00:00,0.500277778
17-Oct-18 01:00:00,0.500277778
17-Oct-18 02:00:00,0.500277778
17-Oct-18 03:00:00,0.500277778
17-Oct-18 04:00:00,0.500277778
17-Oct-18 05:00:00,0.500277778
17-Oct-18 06:00:00,0.500277778
17-Oct-18 07:00:00,0.500277778
17-Oct-18 08:00:00,0.500277778
17-Oct-18 09:00:00,0.500277778
17-Oct-18 10:00:00,0.500277778
17-Oct-18 11:00:00,0.500277778
17-Oct-18 12:00:00,0.500277778
17-Oct-18 13:00:00,0.500277778
17-Oct-18 14:00:00,0.500277778
17-Oct-18 15:00:00,0.500277778
17-Oct-18 16:00:00,0.500277778
17-Oct-18 17:00:00,0.500277778
17-Oct-18 18:00:00,0.500277778
17-Oct-18 19:00:00,0.500277778
17-Oct-18 20:00:00,0.500277778
17-Oct-18 21:00:00,0.500277778
17-Oct-18 22:00:00,0.500277778
17-Oct-18 23:00:00,0.500277778
18-Oct-18 00:00:00,0.499722222
18-Oct-18 01:00:00,0.499722222
18-Oct-18 02:00:00,0.499722222
18-Oct-18 03:00:00,0.499722222
18-Oct-18 04:00:00,0.499722222
18-Oct-18 05:00:00,0.499722222
18-Oct-18 06:00:00,0.499722222
18-Oct-18 07:00:00,0.499722222
18-Oct-18 08:00:00,0.499722222
18-Oct-18 09:00:00,0.499722222
18-Oct-18 10:00:00,0.499722222
18-Oct-18 11:00:00,0.499722222
18-Oct-18 12:00:00,0.499722222
18-Oct-18 13:00:00,0.499722222
18-Oct-18 14:00:00,0.499722222
18-Oct-18 15:00:00,0.499722222
18-Oct-18 16:00:00,0.499722222
18-Oct-18 17:00:00,0.499722222
18-Oct-18 18:00:00,0.499722222
18-Oct-18 19:00:00,0.499722222
18-Oct-18 20:00:00,0.499722222
18-Oct-18 21:00:00,0.499722222
18-Oct-18 22:00:00,0.499722222
18-Oct-18 23:00:00,0.499722222
19-Oct-18 00:00:00,0.503333333
19-Oct-18 01:00:00,0.503333333
19-Oct-18 02:00:00,0.503333333
19-Oct-18 03:00:00,0.503333333
19-Oct-18 04:00:00,0.503333333
19-Oct-18 05:00:00,0.503333333
19-Oct-18 06:00:00,0.503333333
19-Oct-18 07:00:00,0.503333333
19-Oct-18 08:00:00,0.503333333
19-Oct-18 09:00:00,0.503333333
19-Oct-18 10:00:00,0.503333333
19-Oct-18 11:00:00,0.503333333
19-Oct-18 12:00:00,0.503333333
19-Oct-18 13:00:00,0.503333333
19-Oct-18 14:00:00,0.503333333
19-Oct-18 15:00:00,0.503333333
19-Oct-18 16:00:00,0.503333333
19-Oct-18 17:00:00,0.503333333
19-Oct-18 18:00:00,0.503333333
19-Oct-18 19:00:00,0.503333333
19-Oct-18 20:00:00,0.503333333
19-Oct-18 21:00:00,0.503333333
19-Oct-18 22:00:00,0.503333333
19-Oct-18 23:00:00,0.503333333
20-Oct-18 00:00:00,0.489166667
20-Oct-18 01:00:00,0.489166667
20-Oct-18 02:00:00,0.489166667
20-Oct-18 03:00:00,0.489166667
20-Oct-18 04:00:00,0.489166667
20-Oct-18 05:00:00,0.489166667
20-Oct-18 06:00:00,0.489166667
20-Oct-18 07:00:00,0.489166667
20-Oct-18 08:00:00,0.489166667
20-Oct-18 09:00:00,0.489166667
20-Oct-18 10:00:00,0.489166667
20-Oct-18 11:00:00,0.489166667
20-Oct-18 12:00:00,0.489166667
20-Oct-18 13:00:00,0.489166667
20-Oct-18 14:00:00,0.489166667
20-Oct-18 15:00:00,0.489166667
20-Oct-18 16:00:00,0.489166667
20-Oct-18 17:00:00,0.489166667
20-Oct-18 18:00:00,0.489166667
20-Oct-18 19:00:00,0.489166667
20-Oct-18 20:00:00,0.489166667
20-Oct-18 21:00:00,0.489166667
20-Oct-18 22:00:00,0.489166667
20-Oct-18 23:00:00,0.489166667
21-Oct-18 00:00:00,0.501666667
21-Oct-18 01:00:00,0.501666667
21-Oct-18 02:00:00,0.501666667
21-Oct-18 03:00:00,0.501666667
21-Oct-18 04:00:00,0.501666667
21-Oct-18 05:00:00,0.501666667
21-Oct-18 06:00:00,0.501666667
21-Oct-18 07:00:00,0.501666667
21-Oct-18 08:00:00,0.501666667
21-Oct-18 09:00:00,0.501666667
21-Oct-18 10:00:00,0.501666667
21-Oct-18 11:00:00,0.501666667
21-Oct-18 12:00:00,0.501666667
21-Oct-18 13:00:00,0.501666667
21-Oct-18 14:00:00,0.501666667
21-Oct-18 15:00:00,0.501666667
21-Oct-18 16:00:00,0.501666667
21-Oct-18 17:00:00,0.501666667
21-Oct-18 18:00:00,0.501666667
21-Oct-18 19:00:00,0.501666667
21-Oct-18 20:00:00,0.501666667
21-Oct-18 21:00:00,0.501666667
21-Oct-18 22:00:00,0.501666667
21-Oct-18 23:00:00,0.501666667
22-Oct-18 00:00:00,0.490555555
22-Oct-18 01:00:00,0.490555555
22-Oct-18 02:00:00,0.490555555
22-Oct-18 03:00:00,0.490555555
22-Oct-18 04:00:00,0.490555555
22-Oct-18 05:00:00,0.490555555
22-Oct-18 06:00:00,0.490555555
22-Oct-18 07:00:00,0.490555555
22-Oct-18 08:00:00,0.490555555
22-Oct-18 09:00:00,0.490555555
22-Oct-18 10:00:00,0.490555555
22-Oct-18 11:00:00,0.490555555
22-Oct-18 12:00:00,0.490555555
22-Oct-18 13:00:00,0.490555555
22-Oct-18 14:00:00,0.490555555
22-Oct-18 15:00:00,0.490555555
22-Oct-18 16:00:00,0.490555555
22-Oct-18 17:00:00,0.490555555
22-Oct-18 18:00:00,0.490555555
22-Oct-18 19:00:00,0.490555555
22-Oct-18 20:00:00,0.490555555
22-Oct-18 21:00:00,0.490555555
22-Oct-18 22:00:00,0.490555555
22-Oct-18 23:00:00,0.490555555
23-Oct-18 00:00:00,0.494166667
23-Oct-18 01:00:00,0.494166667
23-Oct-18 02:00:00,0.494166667
23-Oct-18 03:00:00,0.494166667
23-Oct-18 04:00:00,0.494166667
23-Oct-18 05:00:00,0.494166667
23-Oct-18 06:00:00,0.494166667
23-Oct-18 07:00:00,0.494166667
23-Oct-18 08:00:00,0.494166667
23-Oct-18 09:00:00,0.494166667
23-Oct-18 10:00:00,0.494166667
