client_id;target
75063019;0
86227647;1
6506523;0
50615998;0
95213230;0
26030145;0
54372604;0
98882512;0
19287737;0
87629740;1
59073462;0
55514131;1
69886005;1
31835145;0
86754120;1
88300913;0
97886931;1
38209893;0
98165114;0
84801428;0
60225348;0
94668608;1
57112910;0
67271773;0
81759045;1
47304072;0
75082331;1
52496612;1
43021002;0
25256271;0
78085289;1
91616522;1
28753;0
82535943;1
10499284;0
69743356;0
30739309;0
88597570;0
12342280;1
28350897;0
67595521;1
47089167;0
31401636;0
82406113;0
92403086;0
15384947;0
23509423;1
94946230;1
5741996;0
55803006;1
96750247;0
15894791;0
88735938;0
32820894;0
38689095;0
77391649;0
8976003;1
84830384;0
23513295;0
29353035;1
78695523;0
46740820;0
56694753;0
71406146;0
31876837;0
78858518;0
3258145;0
58023930;0
87503598;0
65356478;0
75360806;0
70599086;1
14720054;0
9718695;0
30509442;0
70469083;1
44075338;0
86731830;0
24316154;0
56786565;1
26396826;0
94197582;0
23316462;0
760558;0
29041434;1
47336085;0
59465550;0
23436847;0
40532686;0
44466557;1
11639778;0
33115683;0
49815462;0
48962034;0
58457953;1
71797886;0
67298834;1
69366778;1
18962492;1
95150782;1
55004652;1
41220999;1
61466009;1
80723184;0
16810200;0
3385982;0
34039951;1
53167255;1
12981808;1
32960729;0
14593180;0
98373084;1
64294802;1
69142971;1
6051980;1
18053122;0
29895956;0
96131268;1
55547169;0
81307680;1
25899565;0
98215373;1
64756863;1
73605230;0
84816141;1
98751596;0
97376938;1
44666684;1
28893182;0
41089888;1
72343780;0
54871418;1
5413522;0
26211677;0
37392838;0
25092334;0
53754591;0
8039989;0
83720437;0
23942860;0
36154830;1
67989047;0
57886259;0
13632967;1
33394172;0
1238197;1
81181832;1
68346269;0
80572800;0
79555354;0
47620156;1
87519015;0
81673597;0
43941597;0
75010969;0
38332437;0
12284205;0
85169712;0
26529456;0
83831763;0
29175248;0
13868306;1
81704039;0
18753299;1
48642979;1
81399705;0
11373512;1
2591328;1
84592673;0
58725654;1
31267301;0
5119545;0
16542862;0
59567939;0
60425984;0
49895677;0
49876918;0
45482726;0
56308717;0
86387909;1
85861930;0
16359236;1
82955373;0
22895111;0
94996148;0
72899509;1
11446286;0
23409492;1
52910636;1
56887029;0
6186589;0
7923600;1
96225247;1
35255941;0
17389182;1
53937108;0
96947994;0
890531;0
31704839;1
14850892;0
80247250;1
91227453;0
21546709;1
63815810;0
79843482;1
26870441;0
16604678;1
1843439;0
4243994;0
93741075;0
1914718;1
11089937;0
47830665;1
5687203;0
75832578;1
21227440;0
14360608;0
24942584;0
81863717;1
12258138;0
67766235;1
99613276;0
86749148;1
13775509;1
3707094;0
20762675;0
25486274;1
79434229;0
63557480;0
59018861;0
48971428;1
43934664;1
97634522;1
55013765;0
93618063;0
54340304;1
48033616;0
98115186;1
58868771;0
95321345;1
69683810;0
13900192;0
35858905;0
52264373;0
88330641;1
93921287;1
21574386;0
97204638;0
9978856;0
98165656;0
23687631;0
42445327;0
71509838;0
80567667;0
10344936;1
32478197;0
72760153;1
90605584;1
65638914;0
27883649;1
5712129;0
17502871;0
23690961;0
45646491;0
9178598;1
87231936;0
40759116;0
4611165;1
98606572;0
37633014;1
25227354;0
73839090;0
62631394;0
17350935;0
80952413;0
7942300;0
20480882;1
47812425;1
88308284;1
7443671;0
32646822;0
47748238;0
40508730;0
62818334;0
55575472;0
68939124;1
89235739;1
25017022;0
67849656;0
27160518;0
65311903;0
54669253;0
529504;0
36607877;0
54712278;0
88877409;0
82363585;0
16342382;1
62903374;1
35820856;0
48355809;1
94632271;1
98247285;0
87003793;0
60029265;1
35448726;1
85331558;1
37371201;0
70283901;1
555494;1
56086567;1
29097966;1
20580998;0
59120963;0
17662250;0
6419331;1
46413661;1
46024442;1
7841704;0
42700468;0
52616100;1
8125810;1
50030112;1
90994943;0
73828713;0
4725454;0
3630439;1
24603855;1
65874033;0
85591112;0
37681861;1
6250312;0
65765985;0
53290104;1
52228846;0
83627582;0
76598280;0
93876250;0
36031260;1
51375674;1
43946706;0
2452546;0
15282992;0
87620653;1
76275465;0
49631342;0
40509142;0
69049109;0
14128185;0
86069414;1
14990644;0
19259366;1
20545587;1
84340954;0
89061590;0
85593106;0
19702350;0
70326821;0
9347211;1
41408368;0
4309673;1
62408292;1
77827914;0
45437793;0
87187640;0
49495176;1
11529524;0
79610861;0
45348722;0
10230827;0
50872782;0
8576527;1
91712844;0
75470815;1
4894221;0
96761685;1
45730577;0
94619955;1
88975739;1
37165208;1
30258254;0
84906776;1
16080835;0
53456419;1
571978;1
12509777;1
23060623;1
23701543;0
94588128;1
58414796;0
22370499;1
9072964;1
86985779;0
7259712;0
96715995;1
84682613;0
72749791;1
5501842;0
87317286;0
24879326;0
41627313;0
46562431;0
97170864;0
81135337;1
33492988;1
82997781;1
19860515;1
77106402;0
98379265;0
85815529;0
85967320;0
53889704;1
59461135;0
70096504;0
11585045;0
55115986;1
53418806;0
66349382;0
38598826;0
85635610;1
5591410;1
63387944;0
48527973;1
58680758;1
79875919;0
71408643;1
70530157;0
52056979;0
96089073;0
68901242;1
84564690;0
26258118;0
50952165;0
24901582;1
63852015;0
36865104;0
12289409;0
9193138;0
29403638;1
24806693;1
24864601;1
69465540;0
35768528;0
60296544;0
38583291;0
71017308;1
56969603;1
40890358;0
37554689;0
63255282;1
52912963;0
54436720;0
3484746;0
54933571;1
82744791;0
24630028;1
506931;1
97000670;1
24775071;0
5030933;1
521757;0
77326951;0
34995998;0
41951078;1
79038293;1
92052392;1
61981162;0
65826992;0
57193714;0
83249956;0
53602776;1
92625133;0
28280037;1
89080700;0
87937371;1
6139126;1
96814440;0
56338669;1
11535483;1
41144715;0
69132063;0
33387370;1
61078488;0
98518962;0
95115678;1
87252636;1
7515266;0
7036054;1
17797588;0
64836990;0
60073858;1
35941928;1
75983006;1
18694042;0
49584873;1
55738677;1
12058501;1
36277671;0
49083272;1
1745827;1
7231587;0
28396233;0
21717441;0
34077523;0
41434409;0
51611278;0
52802973;0
26044859;1
92270122;0
52118920;1
89576281;1
14409598;1
65908463;0
14980520;1
20636171;0
70350764;0
81807105;0
2366066;0
15150934;1
45114388;0
71349808;0
75733224;0
1848866;0
3576146;1
7810466;1
82027598;0
58659032;0
14396005;1
5987772;0
27062076;0
73907136;0
81359030;1
34365661;0
31466611;0
82817122;1
19330058;1
99266697;1
43750327;1
75521890;1
19651575;0
80412249;0
35087876;1
92541025;0
67708465;1
37274803;0
19425991;0
6761809;1
40979729;1
56661848;1
75844510;0
47742763;0
8150077;0
61339818;0
30755081;0
88498735;0
32508028;1
44018988;0
21232816;0
97662652;0
24133283;1
39189321;0
68833534;1
81186549;0
44908094;0
19534721;0
50350048;0
56606368;0
32366852;0
90332495;0
82729307;1
31931874;0
57891135;1
99581668;0
72522161;0
85187502;0
91850106;1
82763573;0
34504470;1
17674010;0
17396832;0
68553737;1
99267661;1
67193294;0
374768;1
6318474;0
72125209;1
60953316;0
34609265;1
7343989;1
73778310;1
75504397;1
53411904;0
42911253;0
90553172;1
91309816;0
76415680;1
29576425;1
40935946;0
13572234;0
16144253;0
62863030;0
3592058;0
61208146;0
24496856;1
46385782;1
15569246;0
31367396;0
28369355;0
66085151;1
22217466;1
98861163;0
90900035;1
40823032;0
57223330;1
8318445;1
63109769;1
59709592;0
13720727;1
29739892;0
15939752;0
27116193;1
69781882;1
97754568;0
41201999;0
67881606;0
86305054;1
50664842;1
4033578;0
37733305;1
58088415;0
1936060;0
99770777;1
1217764;1
54584863;1
18418576;1
30715299;0
35890375;0
10909988;1
68428305;0
37150939;1
6740969;1
59661557;1
87729038;0
38384643;0
57847078;0
82609845;0
16594215;1
168767;1
57716662;0
61942604;1
39559389;0
71516645;1
94437220;0
53876581;0
91354706;0
96956522;0
97413399;0
85056040;0
32404954;1
98860154;1
66291595;0
68526161;1
52617099;0
74854618;1
23468341;0
36642100;0
72010505;1
28375379;1
88154104;0
19404141;0
30800315;1
99483281;1
7417224;0
64094297;0
30059991;1
64855819;1
14466652;0
63842332;1
2635248;0
64663396;1
99383287;0
53900195;1
53495460;1
53923485;0
79278466;1
43657092;0
22506854;0
18812819;0
96249591;1
46728112;1
10814222;1
45339969;1
57546321;1
44349687;1
34950701;1
43253444;1
73041938;0
20590772;0
30088909;1
18358597;1
2163249;1
40508757;0
2381924;0
45402722;1
59622365;1
94358239;0
59569869;0
37690416;1
25382978;0
35914600;1
9906759;0
78791390;1
48015680;0
78729471;0
61457824;0
88850073;1
13246133;1
90265357;0
81009032;0
53695543;0
15031489;1
69491655;1
92148250;0
61077537;1
15444986;1
69073376;0
90357754;0
72226124;1
55732914;0
71730765;0
49578249;0
76348095;1
90191121;1
90541594;0
71045231;0
61800954;1
11841860;1
52097627;0
11882317;0
60991319;0
58850590;1
5462230;0
33554688;1
44164394;0
24338730;0
75580356;0
23940292;1
49365990;1
6229170;1
52628322;1
4077097;0
73173719;0
29621741;0
27388228;0
51028881;1
91853399;1
62161840;1
8269375;1
79180109;1
59627043;1
87902560;1
12254881;0
45338523;0
93176546;1
9598077;0
76380054;0
61016907;0
45934953;0
74129296;1
78910271;1
16144518;0
44429375;1
44953616;0
71493601;0
87645685;0
62500435;1
22544752;0
56547663;0
61455368;0
97047880;0
98704281;0
20084189;1
87732921;0
27391443;0
36895172;0
57326587;1
98795310;1
543628;0
42468580;0
74526250;1
79161157;1
78715837;1
74993422;1
78476887;0
87655247;0
56621830;0
49603445;0
43732528;0
59268754;1
43756578;0
8440186;1
90791793;0
68753997;1
94680386;0
97330461;0
70892783;0
9745763;0
25935635;1
59483083;0
82547399;0
80524003;1
35361066;1
69057138;0
91974511;1
36951274;0
24560423;1
50389406;1
57995454;0
19030022;1
20525342;0
67162163;1
39762893;0
92418320;1
39222949;1
43058834;0
31240824;0
96955120;1
86015389;1
63862735;0
1020634;0
1291480;1
71829751;0
1177962;1
59585814;0
7579423;0
48153184;1
57249461;0
77438414;0
20200583;0
96203488;1
82777964;1
98408171;0
24440178;1
67071515;1
46095038;1
6079821;0
72920418;1
98455054;0
16233088;0
63584479;0
24419000;0
37714083;1
52665452;0
68416873;1
51070933;1
37623604;1
21335190;0
85494965;1
54217274;0
51502229;0
7675526;0
65568801;1
5961422;1
86650997;0
39026145;1
21567965;1
79717877;0
14630687;0
56755639;0
17441830;0
11724036;0
32245044;1
43821379;1
93626858;0
49222601;0
70148734;0
999976;0
42824084;0
73798990;1
73723907;0
63610244;0
29536165;1
50988636;1
64017478;0
37431906;1
39186764;0
11573006;1
26624856;1
94365096;1
61172279;1
85538763;1
82312406;0
74856664;0
21264678;0
96503820;1
45313401;0
45384246;1
40142061;0
37037318;0
61853422;1
54053900;1
47092943;0
3938989;0
99080708;1
17459382;0
66452033;0
57035618;0
67874003;1
42380127;0
43099100;1
1593734;0
46534625;1
99568707;1
96176950;0
55236314;0
63847776;0
16862454;1
60825967;1
26108972;0
70426342;1
98228698;1
79686363;0
56783348;1
77044325;1
22688666;0
37525073;1
53099781;1
44160245;1
76733132;0
65384696;1
84947745;0
83793452;0
65639862;0
7927145;1
16395910;0
28538040;1
62606554;0
41115094;0
99673663;0
50212809;0
17256393;0
67453486;0
818174;1
14837954;0
72097563;0
80946966;0
4906390;1
84430668;0
28654147;0
16351435;0
28954627;1
38557984;0
31822198;1
68090845;0
95621309;1
10094853;1
95136516;0
59020153;1
73263137;0
27455685;1
84795885;0
37949420;0
15626531;0
28064405;1
24119285;0
50795482;0
11080771;0
32351128;1
11691762;0
96016945;1
72923403;0
10565884;0
35333330;1
92491235;0
87111044;0
50647626;1
6314083;1
62870006;1
41276924;0
10774706;1
71160914;0
15407862;0
82757763;1
17979664;0
47662108;1
83400171;0
62337080;0
81234262;0
11931380;0
89740943;1
46982480;0
19786531;1
69642352;1
21473936;0
17260193;0
39931409;1
59319576;1
77148640;1
34362299;0
59438753;0
85029718;1
58017201;1
21096604;1
51189320;0
31007942;1
56019765;1
87850297;1
86688057;1
60685784;1
2802378;1
73617207;0
51954843;0
90330427;1
42021247;0
9085668;0
82839957;0
39467745;1
25075275;0
30141443;1
34529715;0
58877868;1
31360931;0
85952372;0
14818582;0
28739329;0
771111;0
77655748;1
2615105;0
2712467;1
97236127;0
48281795;0
52912415;0
7738852;0
9211054;1
68838345;0
27322560;0
81721230;1
59313494;0
45211171;1
19718389;0
99388499;0
69818496;0
26689827;1
55035599;0
31009144;0
70804727;1
513162;0
47403260;1
53779441;1
46656732;0
55837388;1
33226593;0
49188073;1
76655905;0
28184149;1
29967960;0
46010539;0
20995341;0
80235969;0
49486459;0
68234295;1
42473263;1
95175801;1
20559299;1
94962020;0
61102970;0
2992932;0
95872489;0
99418967;1
60133658;0
60301744;0
11109587;0
32930555;0
81698208;0
30111028;1
4385561;1
73374980;1
26930576;1
60588851;1
96913237;1
24553371;0
23207606;1
74259432;0
5684340;0
91374393;1
42212106;1
62688371;0
80223109;1
39617803;1
87502549;1
64759433;0
64694340;1
35050262;0
46705143;1
20711131;0
75405781;1
16240272;1
630248;0
27930607;1
37193871;1
26909439;1
58866054;1
52175576;1
58638926;1
51838392;0
78951974;1
28881211;1
88299026;1
31433889;0
94222898;0
88337333;1
56404702;1
28285774;0
85948378;1
95033943;0
28982398;0
23188180;1
66639275;0
20958532;0
44963302;1
69471053;1
15678379;0
81669205;1
68337372;1
52198993;1
61009479;0
85854450;0
25113404;1
27841890;1
38436784;1
96064320;0
3605631;1
56343077;1
32358446;1
43128661;0
86344405;0
39697437;1
23796437;0
99538589;1
65404471;0
450407;0
92740981;1
68123922;0
82876786;0
96477182;0
21650358;0
85194196;0
53755004;1
50853691;1
76644413;1
47908242;1
47757166;1
28902452;0
26535260;1
43592606;1
44982602;0
91212486;0
81807030;0
35307259;0
67478814;1
56353574;1
34026271;0
46004739;1
74693419;1
30428096;0
29735778;1
41271099;0
33182077;0
43045496;1
54821290;0
71812094;0
12528382;0
14123690;0
57451464;1
69693001;1
78551097;0
15230899;1
49666606;1
78275041;1
78421887;0
7611417;0
61495918;0
64398432;0
41504414;1
2705672;0
88698231;0
9256099;0
94476461;1
69930822;0
13054202;0
76960318;1
6297061;1
12995896;1
56496020;0
32581473;1
20381429;1
48045861;0
16671263;0
59508159;1
65472977;0
93014616;0
38709240;0
64152962;1
86044364;0
2851080;0
33014890;1
36733811;0
5000075;1
92949824;0
1377061;0
5306200;1
96834905;0
32750544;0
79965972;1
4755538;0
61844784;0
80591981;1
97068969;1
28870141;0
62145393;1
5647120;0
97939304;0
14892960;1
25113046;1
33175070;0
20160829;0
18123320;0
4303845;0
26937271;1
2611317;0
48544484;1
69323066;0
11661664;0
38698737;0
29918219;0
31625291;1
27957212;0
15197816;1
21055430;1
8671950;1
64391067;1
12390619;1
97720531;0
43819034;0
99606031;0
95990549;1
31719348;0
84714077;1
74878201;1
94140855;0
60955945;1
7334738;1
27475547;0
68874729;1
90859530;0
22319696;0
29607953;0
25590548;1
64121750;1
85678569;0
93741697;0
21493304;0
72646455;0
57831174;0
96470094;1
87301914;1
70302931;0
74331777;1
75345598;0
60469603;0
11935430;0
66473821;0
25377986;0
28074722;1
37245184;0
99991245;1
53589977;1
35237670;0
11123573;0
93805180;0
63923246;1
47750610;0
76012945;0
86094030;0
13182172;0
42774007;1
61244703;0
2173974;1
84117437;0
84380814;0
42839220;0
73241034;0
6766644;0
86845985;0
27592910;0
631701;1
53979285;1
85699963;1
3803237;0
36734580;1
15982939;1
41218578;1
86444262;1
40996596;0
75685549;1
23652302;0
58878219;0
76125828;1
19087930;1
11376556;0
14974851;0
57469500;0
96360944;1
38880162;0
73025235;0
20731831;1
6781439;1
21694821;1
79100940;0
90408943;1
91403118;0
88177630;1
74466136;1
70734869;0
19262133;0
60146904;0
70519205;0
85890860;0
4618247;0
56879277;0
56801281;0
66368134;1
70711430;0
1541259;1
99882949;0
26692453;0
24227698;1
31037037;0
72090768;0
3765322;0
31457538;1
984867;0
62912334;0
29666324;0
39258858;0
69284063;0
57224158;1
17904208;0
62253980;1
81286022;0
14231524;0
85940494;0
8093190;0
58713656;1
17543160;0
79651450;0
42855746;0
2873570;0
80021276;1
6411933;0
683284;1
52847004;0
55342159;0
91404684;1
98404097;1
19658089;0
40322944;0
86377946;0
63840263;0
54433534;1
65883320;0
94654972;0
95416220;1
76716437;0
66391854;1
20963156;1
33247582;1
22511212;1
73495038;0
91869702;0
45550463;0
99149408;0
94258484;0
70135813;0
66078283;0
59067224;0
84674282;1
74760028;0
91643970;1
48765335;0
32469456;0
34518413;0
26614582;1
8114521;1
79363745;0
87695373;1
69560142;1
91174737;1
72854087;0
35115054;0
46272734;0
60317359;0
32894421;1
7039985;1
13419115;0
46245791;0
76510478;0
66990882;0
96991635;0
7054459;1
82650535;0
353313;0
88699095;0
29412988;0
90501931;0
62010406;1
69702084;0
77366344;1
28550386;0
41880269;1
25941092;1
13083218;0
77134120;0
55316382;0
76132762;0
52541686;0
17518271;0
23529792;1
39477875;0
21606094;1
99506272;0
99985917;0
4466684;1
29983674;1
72834202;1
40544411;0
16191966;0
98434538;0
172390;0
27046864;1
63710536;0
27222211;1
50817066;0
60743656;0
8413983;0
32161745;1
91977655;0
29854751;0
67807920;0
7935433;1
71547641;1
97162773;1
79751608;1
91712486;1
11946025;0
60711627;1
64504493;0
54445476;0
86538345;0
68978319;0
4415650;1
63300474;1
98382788;1
8109575;0
81058555;0
70389410;0
603086;1
83762897;1
6180127;0
25636639;0
80892355;0
97168481;1
65817315;0
56661668;1
62471330;0
43875957;0
815836;1
32112130;0
18213223;0
37291325;0
77255210;1
16563089;1
68904789;0
47756382;0
8424966;1
1013842;1
50116864;1
58075552;1
66483256;1
96015043;0
95390382;0
75829708;1
43147536;0
17899884;1
20861887;1
9819899;1
48857176;0
43633440;1
28657498;1
80583738;1
58082547;0
544719;0
86467196;1
77171868;0
79637922;0
40133271;0
3015012;1
73033241;0
12660882;0
37556658;1
95483363;1
87451106;1
86850650;1
97090468;1
83685209;1
82632277;1
63934272;1
30017172;1
11077329;0
52161579;1
28336912;1
68910084;0
47756783;1
25925222;0
44362723;0
80092328;1
49572519;1
61123305;0
42912369;0
71966532;0
35822286;0
34954694;0
86573039;0
37964005;0
13025490;1
43325162;1
45438179;0
93501484;0
90759096;0
40035863;1
86689546;0
97631974;0
29940715;1
39080514;0
12542015;0
9305117;0
8443180;1
17995188;1
58379242;1
78076605;1
1748625;0
99452850;0
12611230;1
23345904;1
600423;0
90610152;1
41391145;1
6566340;1
53602656;0
36325942;0
91712452;0
49917050;0
78772251;0
40198964;0
23702730;0
38056372;0
80958348;0
88709355;0
46521865;0
33536824;1
98301999;1
60042933;0
15515571;0
29095564;1
15341897;0
11627763;0
19350485;1
50157498;0
1018926;1
61009373;0
23910067;0
34005631;0
12374003;0
78212002;0
84734887;1
63151507;1
91060698;0
17281851;1
42845330;1
33697437;1
58227469;0
78130384;0
6912161;0
71180934;1
61764389;1
52043244;1
81327466;1
24805329;1
48098545;0
44338675;0
76858275;0
89116468;0
24935096;0
84194040;1
59839451;0
70360096;1
95204601;1
91437038;1
75846272;0
89267268;1
63254157;1
47734912;0
66862432;0
42362670;0
71188696;0
92674191;1
51415185;0
56179132;1
57266601;0
74082471;1
47550723;1
8885733;0
25453268;1
47960112;1
18293426;0
15584488;0
14937933;0
72299597;0
75886803;1
45567492;0
38761946;0
81294046;1
88789166;1
89442444;1
39548937;0
71513657;1
37350713;0
53059491;1
61613971;0
95754410;1
46062086;0
8556253;1
33050170;0
93964544;1
52012871;0
94803765;0
61799579;0
39777595;1
70277633;1
57784143;0
66679335;1
83199735;0
50034854;0
53742244;0
30921497;0
51822302;0
82819627;1
47464006;0
50891156;1
91230552;1
25457344;1
2861450;0
17171316;0
21215477;1
13695605;0
28900337;1
46134994;1
54250959;0
46054402;0
20266038;0
99305752;1
99195512;0
80345852;0
40955904;0
21709256;1
97477397;1
37104923;1
70326020;0
68668328;0
58979178;0
14166485;1
55988942;1
3404369;0
83715039;0
65825574;0
59233664;1
9149677;0
104032;1
79527571;1
52267133;1
74402957;0
31072699;1
29601353;0
57745281;1
80174742;1
28035686;0
67888328;1
88199460;1
23587379;0
40944775;1
39977171;0
17171343;0
21978009;0
21512738;0
9511061;0
95731809;1
11349383;0
45006373;0
92940149;0
54892632;1
66146116;0
5904549;1
26134385;0
91809786;0
13267878;0
95861431;0
16004843;1
13893103;1
33403953;0
69324145;1
67928733;0
42845878;1
45415313;1
71840653;0
25365246;0
43962104;0
14029441;1
47746953;1
15971667;0
11316922;0
76375245;0
84940280;1
55674097;0
27213328;1
97968421;1
53832869;1
1567291;1
79534606;1
83014080;0
37356584;1
84213038;0
49644781;1
92056129;1
1340586;0
95281518;1
35785472;1
82252018;0
49648180;0
52275965;0
46837651;1
88335984;1
23194817;0
85781818;1
82133712;1
48931494;0
4911203;1
72106418;0
75330352;1
3729674;0
38155492;1
97578903;0
20047434;1
85821996;0
95038861;1
68511053;0
51303724;1
38996744;0
12041525;0
48843075;0
55995250;0
53781809;1
18568009;0
90417572;0
79853021;1
24112213;0
23160845;0
15854896;1
76084504;1
225025;0
94367969;0
80573470;1
94209253;0
88750461;0
35970002;0
78889198;0
90949661;1
53543155;0
76362870;0
73931370;0
86893722;0
7738080;0
54651306;0
71755027;1
92134780;1
78774857;0
23234918;0
14786519;1
45969483;0
91421127;1
79792871;0
17033704;0
21250617;1
38077192;1
31279058;0
44455642;0
97967511;1
5812748;0
47169483;0
49774928;0
93713843;1
66311481;0
90958842;1
44570920;1
48270893;0
96274348;1
26838412;0
48140681;0
33085214;1
73599818;0
59789740;1
88862322;0
54424754;1
52749529;0
573558;1
82020705;0
19110007;0
98273636;0
9962760;0
25446500;0
61701375;0
58481484;0
529117;0
83839911;0
16634239;1
15206009;0
20358875;1
82454158;1
38129216;1
87866237;0
44445893;0
26511631;0
68813350;0
29268985;1
3363940;0
41543568;0
78210149;1
70444371;1
55083943;1
13705197;0
13126579;0
57042441;0
72131112;1
79386658;0
91223020;1
11677380;0
28168112;1
33492424;1
52436023;1
92507159;1
98602458;1
92867029;0
20297899;1
73430259;1
36671915;0
5979147;1
62142740;0
49913634;1
99069308;0
19375709;1
12773836;0
5153687;0
49238589;1
8685331;0
57866323;1
68183337;1
91723884;1
22626948;0
34206554;1
25132163;1
65220466;0
47240029;1
86957027;0
96575251;1
4879397;1
90116988;1
23803141;1
62337216;1
19511282;1
59986494;1
59875440;0
91647598;0
34983892;0
5546147;0
68516664;0
14476637;0
80559852;1
86075363;1
99217405;1
70475688;0
70630732;0
16542264;1
89488789;0
91476454;0
3620801;0
57850427;0
18480529;1
94754447;1
16563768;1
84349819;0
8673276;0
58355955;1
26240933;0
18670012;0
30729438;0
77916307;1
91035980;1
10720023;1
15386233;1
31522441;0
76034809;1
72149080;0
83851361;1
46431440;0
57045393;1
55906283;0
483137;1
41574395;0
29298771;0
14101528;1
35058414;0
54086500;0
23446972;1
70473209;1
19479786;0
39529801;1
98143403;0
92858142;1
25676816;0
3528539;0
17703907;0
51494513;0
65460931;0
45757089;1
21077584;0
14361176;0
60701974;0
79803584;1
58593900;0
73410167;1
21248516;1
76606773;0
27173892;1
73688170;0
48253563;1
82760821;1
86206724;0
66116219;0
81479825;1
56406465;0
76097971;1
59295357;1
89562088;0
87608659;1
91188012;0
15652973;1
48079409;0
60034294;0
7351769;0
14382698;0
24603771;1
56957993;1
95907556;0
20142136;0
6429626;0
18523734;0
68356021;0
94181516;1
25252032;0
91977740;0
69988527;1
60939191;1
94873813;0
76012702;1
39202472;0
50974750;0
13431883;1
75581098;1
47406846;1
89788126;1
11234608;0
18360110;1
93149548;1
63929380;0
7346340;0
1336622;1
61739552;1
53886935;1
12511084;0
77992281;0
99612816;0
35143337;0
65205704;0
84561375;0
21052918;1
40810270;0
20691853;1
64312699;0
20873616;0
81887146;0
75562483;0
31151172;1
35638869;0
79166625;0
15307012;1
27979294;0
63156799;0
54530288;1
10014090;0
94513734;1
33743239;1
97672162;0
21901417;1
21962984;0
60237497;1
61974549;1
15621022;1
61160097;1
69406041;0
83729700;0
83651372;0
19655077;1
21131912;1
73300172;0
80482582;1
99387107;0
82262943;0
45575726;0
1826000;0
81972666;0
6237240;1
9982735;1
67391213;1
82318809;1
35868459;1
78728657;1
97803699;0
54982898;0
24161695;0
62821040;1
43757703;1
78665301;1
1699717;0
48048713;0
10364899;1
49639155;1
49838867;1
21396319;0
82702959;1
32285354;0
34102387;1
98605442;1
28878220;0
33091659;1
97517538;0
24879096;1
49367407;0
60791671;1
30125207;0
31696857;1
43869219;0
1029705;0
19864270;1
23566557;1
76053807;0
26332070;1
51718131;1
56309305;0
14474509;1
35905456;0
43751504;0
44130839;0
84580352;1
40834612;0
38591936;1
87550753;1
66657662;0
72662346;1
31317727;0
126081;1
48241710;0
82370878;0
84712006;0
98223005;0
84948604;0
90961024;0
49334729;1
35191315;1
25646885;1
20140418;0
89409884;0
63408177;1
68191064;0
35759636;1
99568688;1
35116878;1
84080831;0
34455995;1
84608176;0
43214184;0
82234503;1
96372458;0
69366360;0
90276425;0
98918648;1
28014294;1
63387697;0
85664430;1
68393860;0
71310841;0
22899;1
84956768;1
63800365;1
22162475;0
77217130;1
99014776;1
7736277;1
58615216;1
40240853;0
88936620;0
79958341;1
34489466;0
69570928;1
16745107;0
29505771;1
69907295;0
17403698;0
8176780;0
96174415;0
33000362;0
23410682;1
20857038;0
90094556;0
72765143;1
69765249;0
79097237;0
31179867;0
68105467;0
70287217;1
36576755;0
41993000;0
5650565;0
48156344;1
28658403;0
56000545;0
61714852;1
31898094;0
8859845;0
43955514;0
15701539;1
37156682;1
14976384;0
35650432;0
14246947;1
37446344;0
9044015;0
74230661;1
12730223;1
75668143;0
79028770;1
41962980;1
10376120;1
89573230;1
38720236;0
28118312;0
22669958;1
84868903;0
50446331;0
56387802;1
52973391;1
78649713;0
48434170;1
20370696;0
18074104;1
90393281;0
31904123;0
97979839;0
39182077;1
72078831;0
13641759;0
75393627;0
70749151;1
7142110;1
53690172;1
95623488;1
67216029;0
39718714;1
6609708;0
69980397;1
56709831;1
36187758;0
14930512;1
73342030;1
61483401;0
68051153;0
54007135;0
98415152;0
86504832;1
72569152;1
38657843;0
51610137;1
52282436;0
95132309;0
44167113;0
95801693;0
78214402;1
31689921;1
98397399;0
60046225;0
34787585;0
55499341;0
80243149;0
34987850;0
14191306;1
99220694;1
938354;1
48618305;0
93428215;0
56454954;1
94322959;1
66954517;1
56687390;0
1508066;0
10280886;0
79190098;1
39310095;1
47650332;1
60061070;0
22570682;1
59167103;0
83629946;0
27502998;0
64070636;1
96438067;1
62735787;0
37889298;1
49929502;1
65102839;0
31886314;0
16768663;0
38603818;1
27445666;1
30791828;0
90808332;0
95312022;1
54271008;1
8833326;1
15926326;1
80835412;0
16981134;1
86053380;1
15836028;1
82890368;0
80292281;1
7361878;1
48980306;1
29593738;0
51355051;1
36953929;1
19886336;0
2741822;1
22564064;0
30921430;0
14551898;0
64960269;0
7928829;0
39618707;0
4681159;1
98963859;0
78237178;0
84075783;0
67650676;0
48150301;0
92430984;1
46523355;1
83231379;1
29718406;0
5478802;1
33486286;0
4893642;1
9060208;1
42929877;1
32555286;0
29982886;0
6092042;1
98507645;0
88082678;0
13590968;1
45488741;1
15570959;0
38020128;0
5437224;0
48485269;0
13221041;0
6264405;1
53084290;1
66739958;1
80795959;0
93230237;1
66875893;1
44735517;0
86297262;1
67146223;1
93507430;1
82177385;1
40018375;1
82772349;1
25063166;1
87542010;0
80695715;0
66837341;0
79462450;0
50392639;0
20171368;0
3316837;1
88229777;0
2535068;1
59367123;0
68700668;0
14151691;1
24612751;0
73496527;0
35138403;1
92100571;0
67480620;0
69284349;1
12746284;0
27501511;1
56410727;0
23688907;0
8812290;1
69726054;0
95905538;0
18912624;1
21256734;1
17188865;0
61758325;0
20946104;1
25201360;1
11631823;1
13195994;0
24504312;1
277885;0
53983155;1
76873019;1
23349119;0
98640445;0
1081993;0
87071173;0
91647754;0
64228662;1
41756011;1
46353127;0
68600759;1
1133595;0
39941957;0
23030452;0
79686538;1
87953844;1
21773817;0
83058739;1
84734394;1
34247605;0
86680398;0
496551;1
4976466;1
14564793;1
98960635;1
9541655;0
53410208;0
9398001;1
60234996;1
12273634;0
19519989;0
38951858;0
59871591;0
64779546;1
39510825;0
63173644;0
1828229;0
56763905;1
43574541;0
24449837;0
42024119;1
53137982;0
82308369;1
84696412;0
17732156;0
39848739;0
93844352;1
68060506;1
5450195;1
51639842;0
20001425;1
64398310;0
88053734;0
96725385;0
14988970;1
65057898;0
70738904;1
66849308;0
60026690;1
87761130;1
95812175;0
65335407;0
23690692;0
22646103;1
21823356;0
87400553;1
95160511;1
70837587;1
66520469;0
38134287;0
59129528;0
88260849;0
93818432;1
89042948;0
64862509;0
93882392;0
63850645;0
23859872;0
13885997;1
94223809;0
19164890;0
74683509;0
71466187;0
63020711;1
8043822;0
39920201;1
77031071;0
99713467;0
46105863;1
80777190;0
84314817;0
28112647;0
18399534;0
41765138;0
65151079;1
48709595;0
57984645;1
85302434;0
65734444;1
78612665;0
12336680;1
50194173;0
86543582;1
10110730;0
23846566;1
27403912;0
69481975;0
18642891;0
56681140;0
91278241;1
30168354;0
67948907;0
34906347;1
24407970;0
25486872;0
75908759;0
77128216;1
64000461;1
20002218;1
86419792;0
3075545;0
63953233;0
28313403;1
90184033;0
9871840;0
47746315;1
41045682;0
74619328;0
21205194;1
15809747;0
88189065;0
93361647;0
67294324;1
24276565;1
8224467;1
57807356;1
85894840;1
58199695;1
13935326;0
92731609;0
48057553;0
80197904;0
56988646;0
68714935;0
88319131;1
60922466;0
40967012;0
13528851;0
71936160;0
78440405;0
45173444;0
52926;1
6045735;0
91541254;1
93636779;0
49233361;1
53296399;0
18139443;0
72576023;0
61451968;1
80599627;0
46377895;0
22757461;1
1096220;1
20614300;1
370258;1
12824902;0
55721022;1
56680038;1
91986183;1
61713959;1
87750165;1
18711616;1
48881759;1
35845743;0
23316819;0
99034437;1
60251270;0
48632522;0
68428886;1
1093304;0
50940;0
81170837;1
30783172;0
1316496;1
53340705;1
14077395;0
86236687;1
89262911;1
81359610;0
70323790;1
56420506;1
26285318;1
99590294;1
46110124;0
26418445;1
31044034;1
92374778;0
97084564;0
90820233;1
69196717;0
9353024;1
3453773;1
10005741;1
89148908;0
94925004;1
81173369;0
56565030;1
98455704;1
38679759;0
36008593;0
39434625;1
42081665;0
50244445;0
117556;0
52167480;0
99172426;0
29889678;0
48603296;0
65477485;0
32374506;1
39697640;1
31866630;0
45316463;0
31119279;0
40592211;1
67828097;0
11925955;0
89342360;0
89262096;0
84425967;1
31183339;0
21179768;1
19751035;0
77078020;0
25336182;0
71311316;1
16442855;1
12520991;1
85931862;0
54504035;0
54517796;1
20850914;1
86158591;0
44662423;0
88924303;0
32087727;0
8822658;1
17889916;1
54418606;1
29482649;0
87459636;0
35118501;0
12019706;1
86639682;0
93572416;1
27979606;1
33943155;0
52382187;0
5617583;1
74918483;1
71236168;0
55961571;0
6238596;1
24224910;1
53839754;0
31958617;0
80575461;1
77013069;0
32328212;0
60309698;1
89832284;1
6193106;1
37134646;1
72230568;1
69924028;0
99537776;0
88757297;0
33239756;1
8890644;1
61225043;1
21239347;1
82978948;0
20976392;1
6918821;0
58025001;1
71318930;1
90848766;0
2658384;0
58686638;0
84954803;1
36583343;1
24234439;1
35645527;0
68393649;0
32588368;0
22490949;1
5528601;0
19621396;1
12591110;1
33164073;1
30439633;0
26206148;1
67126343;0
74085720;0
34264202;1
98281239;0
81249417;1
32508398;1
28843862;0
7846872;0
14104664;1
24898411;0
82906365;0
71368917;1
48510964;1
16274002;1
68779832;0
98687107;0
74951485;1
19380379;0
29102670;1
50914567;1
19888863;0
35494033;0
93011179;0
45155363;0
36683330;0
43045074;0
750056;0
38850010;1
11107679;0
28431923;0
50351422;1
23920319;0
47848512;0
17081083;1
92817587;1
18516500;1
68920219;0
46142955;0
36611764;0
35709310;0
87222013;1
28004716;0
17610658;1
4512522;1
55529265;1
56419413;1
83378138;0
6324026;1
51464163;0
98446132;1
50667664;1
65393099;0
44733932;1
32488063;0
70454187;1
27495141;0
19652861;0
76313007;0
17576256;0
66731320;1
88183948;0
39561022;0
74025278;0
49637214;0
18020299;1
26384480;1
9442456;0
58838122;1
23899213;0
65309740;0
80301732;0
83427342;1
25998489;1
52562263;1
69593249;0
54391761;0
77773677;1
91906022;0
32859557;1
83739553;1
23190416;1
38084;0
35247422;0
43280099;0
17096973;0
41299625;0
62030642;0
27890966;1
42640091;1
63660394;0
5728776;0
493506;1
61477227;0
51019913;1
84203354;1
45477365;1
49714964;0
96367039;0
7219212;1
3874769;0
19415800;0
16826344;0
86236552;0
2775618;0
49722314;1
16617908;0
74877015;1
49530061;0
43018886;1
99315139;1
36302293;0
40746179;0
56196393;0
42689265;1
66368459;1
81170477;1
42840212;1
39489228;0
9416140;1
27015107;0
77388478;0
79321784;0
54394198;0
74920867;0
40034321;1
54373394;0
87507449;1
75445093;0
14736748;0
52014427;0
24144144;0
97098016;1
20729045;1
4078534;1
24622548;0
98469940;1
87084168;1
50734471;1
62942921;0
75472683;0
61715380;0
46531075;0
43509872;1
31276731;1
10678387;1
49867312;1
61225878;0
48831714;0
45991797;0
87819773;1
37035466;0
74227535;1
57660625;1
69913615;1
41856666;0
5038906;0
67591093;0
57299055;1
6966209;1
33008397;1
64532057;0
11681378;1
52830129;1
21632339;0
10682079;1
89501240;0
31205433;1
94553454;1
43380877;0
25607733;1
63880907;1
90002893;1
30697873;1
59921856;0
46949310;0
53492952;0
21869965;1
74812250;1
73700735;0
10607076;0
4758274;0
15898915;0
43653980;1
38253999;0
31118768;1
28821289;1
57847550;0
14872527;0
36347318;0
90607472;1
72547488;0
59817474;0
47117781;0
63389358;0
98329283;1
56912272;1
60637668;1
9093576;0
19635150;1
2151916;0
67945756;0
17427240;0
68938674;1
14894393;0
23953673;1
95055476;1
88288737;0
364063;1
25326765;0
68473833;0
41503919;0
14826116;0
17914429;0
22164725;0
68025255;1
23667900;1
66147149;1
81626;0
20754997;1
83724633;0
84588633;1
72855316;0
29793264;1
31506833;1
75999247;0
199565;0
98514293;1
51413878;1
904122;1
55201931;1
88536358;1
81771709;0
11596802;0
11377460;1
3156819;1
36218838;0
85365990;1
60931905;0
10490454;1
74676188;1
90641486;1
74084028;1
40224781;0
25123154;0
72802446;0
6833739;1
46869540;1
59507821;1
5947256;1
53854864;0
52549295;1
33116523;0
89808284;1
4754475;0
5249686;0
4008554;1
61710092;0
69847265;1
56000334;0
54920864;1
89268653;0
27573266;1
13584143;1
51099815;0
4610275;1
70848169;1
73572131;1
6522539;0
64727059;0
29973417;1
6916077;1
96661157;0
35565236;0
84656973;0
41019412;0
52636150;1
88845524;0
60940299;0
52871849;0
38648487;0
59723709;1
88679468;1
6687045;0
95750568;1
26620887;1
1451952;1
22680180;1
21905258;0
48746395;0
47655286;0
61463117;1
6512034;0
83973752;1
49793;1
73679203;1
89287721;0
79384060;1
84323633;0
37604175;0
47035157;0
32704323;1
8467346;0
38634695;1
55746723;0
9300822;1
58948598;0
14353260;1
49637817;1
94426973;1
92143960;0
21580278;1
21217132;1
17750079;1
73287480;0
8268076;1
65120627;0
14548818;0
58656137;1
50883761;0
96297127;1
66740873;0
23373318;1
77426468;1
46384577;1
70466873;1
67394175;0
43073474;1
92485998;0
92259194;0
21638457;0
66277300;1
62292113;0
40383983;1
28558979;1
64332749;0
8459203;0
75210690;1
51619523;1
92636266;1
19644719;0
22000295;1
35643572;0
75346132;0
67550128;1
80568382;1
49292599;0
73653887;1
32693947;0
17060000;0
10598219;0
27270006;0
29812081;0
64689367;1
16454787;0
70680;0
34715212;0
36290460;0
28916471;0
80776562;1
61842865;0
69782822;0
20357100;0
14454081;0
24505439;0
35319172;1
21153587;1
56917927;1
83706252;1
2865095;1
82956992;0
58970569;1
8251515;0
65141564;0
63572702;0
29001858;0
60340891;1
24842934;0
41965418;0
57897343;0
55118231;1
68308642;0
20254708;0
71900602;1
5308727;1
18889791;0
50865469;1
10071732;0
87830992;0
86740634;0
77634195;1
36837532;0
94110803;1
47170303;1
98711881;1
31261707;1
67365860;0
71095927;0
90888151;0
76606343;0
61912590;0
99900908;0
25867134;1
10930506;0
11288915;1
86896046;1
62807869;1
64947376;1
66565999;1
8228823;1
61069717;1
24524890;0
55388963;0
18825101;0
43506939;1
70227980;0
64172822;1
91761612;0
93911343;0
92857381;1
62633923;1
84132078;0
2641592;0
48860137;0
22333911;1
11738678;1
19382701;0
61978280;1
32026301;1
92624258;1
33195838;0
77335574;0
63833221;0
23821386;1
79161779;1
43174611;0
50246189;1
67759312;1
70819605;0
56519127;1
50426364;1
88381579;1
80931561;1
58807405;1
99159786;0
11056834;1
45149703;0
83907805;0
4015488;0
73924399;1
40143664;0
24186770;0
51643659;0
70525253;0
96554723;1
79620564;0
41200666;0
29914763;0
28655555;1
39156769;1
5838549;0
54326193;0
41801454;1
82346103;1
79274575;1
91375312;1
87108711;1
12720003;0
8471690;0
55878885;0
68003889;0
98047150;0
82850833;0
75211941;0
12925117;1
41634417;1
91408264;0
33755556;1
72851893;0
67157579;1
45744186;1
69639969;1
61145296;0
47653609;1
53591955;0
1297829;1
79280282;1
43074437;0
40284997;1
279454;1
14694355;0
91935267;1
61385934;0
47927293;1
73148685;1
58838715;0
17096335;1
76437448;1
62605812;1
44477280;1
49477207;0
615526;1
96279007;1
4472275;0
8180711;0
33666459;0
18864557;0
78397547;1
56434531;1
55326928;1
64684055;1
30736211;1
15531589;0
61971706;0
4696786;1
46111401;0
38291598;0
87381748;0
85841930;1
90209156;1
78971194;1
37353898;0
49604546;0
90715593;1
99800531;0
14001176;1
71256126;0
61628505;0
39567641;1
27039326;1
76313641;1
87913983;0
43835016;0
15121468;0
39472448;0
46074662;0
71906343;1
34846340;0
90759354;0
51528903;0
77237200;0
47259366;0
16771902;1
39262084;1
82881815;1
99652208;0
35273632;0
61928703;1
80902013;1
60516576;0
46707103;1
22060157;1
77000135;1
91377213;0
29674480;1
77005402;0
91710155;1
12269528;1
93489804;0
68277469;0
6764684;0
92100655;0
77002039;1
66761122;1
43262359;1
61781661;0
73776618;1
84515014;0
55003434;0
63024289;1
91248365;1
95828906;0
8610584;1
64568634;1
30019753;0
95724637;0
83428147;0
53551644;0
29223112;0
8554153;0
75182873;1
11167057;1
68248010;1
57373605;0
61630225;0
83561383;0
99717689;1
62247620;0
34706470;0
69993837;1
80470048;1
47765941;1
71746746;0
41665012;0
33968207;1
83869978;0
15441779;1
30518246;0
16938566;0
37436581;0
65956325;0
34694987;0
70610300;0
86550087;1
63146105;0
92877183;0
44764576;1
10334951;0
30356216;1
76844980;1
67167838;0
51519325;0
93366462;1
45525762;0
53426018;0
51907756;0
68368659;1
2270070;0
76340243;0
96655243;0
10521111;0
77156888;0
48803462;0
71985542;0
17831625;1
42859567;0
58440474;0
59296612;0
49760703;1
71922409;1
93031933;0
65683576;0
78202726;1
50175595;1
81092932;1
37605127;0
91116884;0
24062324;1
90775337;1
64926716;0
32616105;1
22838344;0
60703794;1
3467492;0
84576470;0
54186907;1
70939665;0
7516658;0
49391429;0
13004560;1
36489134;0
40297008;1
69315957;1
5010022;1
67596113;1
6905027;0
17340837;1
90997823;0
12067626;1
14178332;1
2501058;0
54522584;0
26342114;0
74630945;0
45459901;0
71172808;0
3357959;0
64410602;0
87385529;0
91583195;0
62423418;0
97986854;1
13067380;1
25059462;1
20083809;0
93698913;0
68182157;0
59243316;1
11455048;1
46685497;0
57124290;0
14835466;0
88278381;1
57749040;1
22198975;1
49903756;0
63030316;1
47413283;1
9673243;1
42059673;0
33306832;0
52220754;1
3046869;0
82720641;0
67976637;1
46448575;0
55503498;0
28205335;0
93315648;1
19101727;0
56576080;1
63033048;0
34376895;1
27048150;0
21417943;0
12854702;1
26497278;1
95888024;0
45532887;0
21305838;0
27503129;0
48463492;0
70668898;1
92584117;1
89786835;1
14158276;1
85855790;1
8062673;1
46637679;1
23136235;1
74508021;1
36409056;1
22082015;0
58473809;0
92569234;1
87226453;1
70888346;0
98362353;1
39668351;0
36834549;0
34929323;0
61014136;0
63881871;0
74492329;1
97077599;0
90169769;1
64932205;0
78066879;1
77880992;1
80521010;0
64368728;1
73334791;0
32842179;0
58841091;1
77809947;1
54152743;0
80444902;0
64980975;0
53084435;1
55712183;0
27911465;1
80961223;0
78093242;0
67383663;0
6087150;1
33135912;0
20984307;0
14918729;0
77354267;1
2108826;1
8681587;1
45901668;1
51641762;1
14587386;1
55586299;1
50723196;0
77530316;1
24116864;0
8283288;1
41077349;1
90858767;1
51799569;1
45203352;1
25311951;0
91223616;0
79286032;0
20200083;1
6402566;0
15523078;1
60550296;0
72780460;1
71803482;0
48224220;0
23124291;0
1298146;1
38648002;0
39746829;1
84998727;0
67280871;0
96651881;1
49522533;1
98069246;0
10915793;1
79077776;0
78187671;0
33253357;0
55234961;0
308038;0
68382273;1
39308561;1
50345259;1
61444633;0
27067408;0
19231543;0
91060809;0
95909249;1
87851013;1
3825193;1
57753982;0
7042491;1
218079;0
33973846;0
44812638;0
70750678;0
30666489;0
8333280;1
43726510;1
39934843;1
73868652;1
9822227;1
15250320;1
96643604;0
75463975;0
56896548;1
60893507;1
99967537;1
26070862;1
78336819;0
82064262;0
54978125;0
4829848;0
24654877;0
66532772;1
70780820;1
84744766;0
13324952;0
69088918;1
91417170;0
2480913;0
40493306;0
95005455;0
95705188;0
93971006;1
74800099;1
64598146;0
72171405;1
15528477;1
93389766;0
98597524;0
40036441;0
1157982;0
76804274;0
75634261;1
33266369;1
76566285;0
80432221;1
38496050;0
30388707;0
2420841;1
27636980;0
33697972;1
71866206;0
34051333;1
27591938;0
65762424;1
55088715;0
6509235;0
62735599;1
33804848;0
15762885;1
33226253;0
73818041;0
45352924;0
67715187;0
7098418;1
9915657;0
10034284;0
58933544;0
22255163;0
90879835;0
51886931;0
60748585;0
52653471;1
91848348;0
72481928;1
89473077;1
43999420;0
80278552;0
99683064;0
92160474;1
31613863;0
44487260;0
61314860;0
27282344;1
26485301;0
67080684;0
65550669;0
66878421;1
95751931;1
22407584;0
74944537;0
38223980;0
70871229;0
16367483;0
82848030;1
1925153;1
34924644;0
76547967;1
69685927;0
86616986;1
48719830;0
41829163;1
92816517;1
86360614;0
68119671;1
80410859;0
21548426;1
84671984;1
16419087;0
97348711;0
25321237;0
94724607;1
6808459;1
36169723;0
87209446;1
89989620;0
27066085;0
90759904;1
76469565;0
35342525;1
58825459;1
21859319;0
79692896;1
68018851;0
39158537;1
88668155;0
50510175;0
62778413;0
45201436;1
73075602;0
97938106;1
52560289;1
55221263;1
55271010;1
37586404;0
51648628;0
65221973;1
18806555;1
57638428;1
82970785;0
58951062;1
68089024;1
70067992;0
7664058;1
76343616;0
88139187;1
55713164;0
44680427;1
66801222;1
69448329;0
85212498;0
44567100;0
28828236;0
61990656;0
74504524;1
45148559;0
49913122;0
33790132;0
94030669;1
14076810;1
60356424;1
95954140;0
92340374;0
71353914;0
46939260;1
41755196;0
3886317;1
26605300;0
97917024;1
50081041;1
41980781;1
95035858;0
76368949;1
81865667;1
86416983;1
38703880;1
46882226;0
18935754;1
65995806;1
25519406;0
94585085;0
608230;0
57375958;0
63826837;1
3058403;1
95873844;0
39813480;0
4899457;1
21940747;1
3491578;1
39513209;1
15955193;0
30264358;1
12652859;0
43976962;0
91097632;1
77253263;0
73122071;0
28723660;1
36719500;1
88445977;0
60123411;0
51314893;1
83846827;1
51285559;0
5129634;1
34997570;0
36557220;0
72148337;1
53395;0
73402777;0
9992069;1
95389071;0
68928446;0
24171198;1
98901610;1
71573572;0
50859777;1
65158867;0
66956350;0
28463720;1
71634960;0
15856748;1
11576588;1
17293191;0
93059008;0
40617555;0
5932441;1
12680585;0
68145896;0
5675257;1
56486360;0
76194528;0
28259242;1
41857086;1
40470980;0
36964057;1
85373071;1
45427100;1
64418922;1
60015661;0
66517978;1
7142686;0
38977682;1
84691218;1
8144041;1
37266132;1
43227357;0
1361923;0
97687262;0
92386953;0
29894123;0
13791482;0
84435817;0
26679860;1
38738876;0
50116492;0
11259870;0
53624598;0
24048165;1
96915451;1
90493352;1
25992094;1
83215423;1
73534440;0
5353298;1
78513961;1
4132055;0
93600267;1
97359689;1
87460303;0
53883700;0
3294989;0
97816608;1
89470916;0
56158977;1
6966699;0
35314223;0
9897478;0
17887190;0
10812965;0
91681704;1
26171763;1
78773787;1
61783531;0
69313142;0
9054088;0
74134155;0
99199448;1
99849205;1
96275300;0
82496360;1
28093553;0
43531035;0
73227910;0
64456915;0
70883403;1
83722421;0
440719;1
98081021;0
17181384;0
12241429;1
19581953;0
56840048;1
49857540;1
37211113;0
49355130;0
75393406;1
18470346;1
78802734;0
65985063;1
56198812;0
88242125;0
69396837;1
37676504;1
31421357;0
81313537;0
44995851;1
78028657;0
51553625;0
18072028;0
23015407;0
3904838;0
52874920;1
21276897;1
91097165;0
8117702;0
71813116;0
94098171;0
91473053;0
26525546;1
20698661;1
17774807;1
27648833;0
81780909;0
44284908;0
53708094;1
4913258;0
13734049;0
52701647;1
95723152;1
15965494;1
47589106;1
63839241;1
73551346;0
5009599;0
59583275;0
27716148;0
23823898;1
39093269;0
53938226;0
64056554;0
26113070;1
6572814;0
46221647;0
1256938;0
56313233;0
68766575;0
36671455;1
99692933;1
13552331;1
50399956;0
81110905;0
63690311;0
50186683;1
8806206;0
91390597;1
43556246;1
44581567;1
96063064;0
86941639;0
72087231;1
89450517;1
88715182;1
63878148;0
33363936;0
57283046;0
38548792;0
8057640;1
21376110;0
28006767;0
96325605;0
97534328;1
29886547;0
94488523;1
32312405;0
16936202;1
5443235;1
8247744;0
99331995;0
25013975;1
98991212;0
79482155;0
43132001;0
4584304;0
50303489;1
89038920;0
57934561;0
31319332;1
10835381;1
11175443;0
39863485;0
68099692;1
45431238;1
17859769;0
11447347;0
39193827;0
15042508;1
29498387;1
74334566;0
51257018;0
46519103;0
87299704;0
66221676;0
18331794;1
60037001;0
17166860;1
89323856;1
77952668;1
58245178;0
87945762;1
92873935;0
32117514;1
89506286;0
79753092;0
36191280;1
83566651;0
48026850;0
19950741;1
68399884;0
43124703;1
99325652;1
41206871;1
35321395;0
70909336;1
59012522;0
60434712;1
73263344;1
40676839;0
91453110;1
52900428;1
84219131;0
1943360;1
90594795;1
73021553;0
2275529;0
72470388;1
19186106;1
72176587;0
76437144;0
6898820;1
78047859;0
95803225;1
42337032;0
46702579;0
80127004;1
96083218;0
38397584;1
32706955;0
39955603;1
64306331;1
97514276;0
79791349;0
21883222;0
85068765;0
35866332;1
18872798;0
42896093;0
92178591;0
56228080;0
340557;1
27360511;1
31984797;1
36130364;1
61689742;0
95324294;0
95921679;0
32250029;1
60344266;0
6779155;0
5067196;0
41867930;0
52856344;1
2314154;0
60293458;1
44780006;1
38755942;0
61108040;0
18345402;1
9742039;1
94397499;0
42399034;0
34964311;0
48907168;0
54645432;1
33167382;1
39357161;1
69148229;0
73580357;0
15747982;1
88382859;0
610375;1
39270809;1
85219732;0
94846611;1
52078118;0
81483040;0
66274097;0
36945615;0
99431667;0
11734416;1
63862815;0
37863592;0
20045161;0
1702393;0
82683388;1
70537342;1
98225738;0
54781719;0
96099177;1
12468790;0
88365698;0
78911563;0
38928200;0
81610811;0
51749542;1
91937494;1
66986757;1
76243795;0
55451710;1
28205332;1
54172427;0
70570397;1
708350;1
54007895;1
99911226;0
21357866;1
29791372;0
66216815;1
33830046;0
70380464;1
65278915;0
66985041;0
21970231;0
34604158;0
61132751;1
82798642;0
25686522;1
78484785;1
24965506;1
96345792;1
22970531;1
86337937;0
27868636;1
29699632;0
43637901;1
56025523;0
15206594;0
58283353;0
53355085;1
91862593;0
83418405;1
51349760;1
61295884;1
55038839;1
16404236;0
90885347;1
64810400;0
58849512;1
13026435;1
28336212;0
48822343;0
65885502;1
31376915;0
11460051;0
10758984;1
44312909;0
18155281;1
71902723;0
85026441;0
9074485;1
41967614;1
63171651;1
36005457;1
52884677;0
78101015;0
40994389;1
98012854;0
61024099;1
64627741;1
97744456;1
94622028;0
25130933;1
77175145;1
42535898;0
2530030;0
47173984;0
74265888;0
29513554;1
74533847;0
18629075;1
73031784;1
14330113;0
68428908;1
26746693;0
91942377;1
49662300;1
49522162;0
66119425;0
2410540;0
96328771;1
59728965;1
32756512;0
15474511;0
50106986;0
49179809;0
75764715;0
32152707;1
22490308;0
29843082;1
62926046;1
90936101;0
5926636;0
91996945;1
82235884;0
14401707;1
91843603;1
70486266;1
3539993;0
87822979;0
53901395;0
44350155;1
94211522;0
52345169;1
38821057;1
86574718;0
25655152;0
76957101;1
94211449;0
68536701;0
56818375;0
32454609;1
40400496;0
38874433;0
7519952;0
31015690;0
79518624;1
88400649;0
98998782;0
46360820;1
11842227;1
27428580;1
6307377;1
17659964;1
58584278;1
77436906;1
11358754;0
76316323;1
11479064;0
84608194;1
50032971;0
63581453;0
65393640;1
49239668;1
14219972;0
72592609;0
67087438;1
27466074;1
2734888;1
95452501;1
63481603;0
42443180;1
45761613;1
12725274;0
68999916;0
31504602;0
37954658;1
88588034;0
76275019;1
94529296;1
54029679;1
73221113;0
2152989;1
2946788;0
92554046;1
66158300;1
41313766;0
62752996;0
79844656;0
96717383;0
76026954;0
21882934;1
70768141;0
1946162;0
55076114;0
93533984;1
55048771;1
44597234;1
23014262;0
57804546;0
45894000;1
41426070;0
47355978;1
18004471;1
16393345;1
48771470;1
48819028;0
29815159;1
64878557;0
31613114;1
4539433;1
56374882;1
99544631;0
63656904;1
48555372;0
89613115;0
99888537;1
58380578;1
96998453;0
93683614;0
36661620;1
89206126;1
89182329;1
91764449;0
11542491;0
35651042;0
66751696;1
36389053;1
65488357;0
83108759;1
89625038;0
49667378;1
61034383;1
76058479;0
12746283;0
71996272;0
20573297;0
29099060;0
24260808;1
62199454;0
36981135;1
47429651;0
39420644;0
3323243;1
93031909;0
50571226;0
13186622;0
61009235;1
13587967;1
89918715;1
21287712;0
89210806;1
54339143;0
34529340;0
52444861;1
20352822;0
20091859;0
90804662;0
18321497;0
63711780;0
87663052;1
66189880;1
45890327;1
38691781;0
61774332;0
59561460;0
69705338;1
99834424;0
64627292;0
74262568;0
43954966;1
60936749;0
24455454;1
64089475;0
4905824;1
26983288;0
79560229;0
3545192;0
64510946;0
43637663;0
17793655;0
21717419;1
5385816;0
32608982;1
47273305;1
68146409;0
37872259;1
17440302;1
16049334;1
17173846;0
92639142;1
68743861;0
19624198;1
97221648;0
2317888;1
72644330;1
84044926;0
25734080;0
47853460;1
62052075;0
95016087;0
37837806;1
8619476;0
84199917;1
48583817;1
81086442;1
13532732;1
18454528;1
59001640;0
48675742;1
38311906;1
52551169;0
66352696;0
80216017;1
48204560;0
8050601;1
84816985;1
21711616;0
26147466;0
90011720;0
66380446;0
78890894;0
94599685;0
48119333;1
9406402;1
26681643;1
36194681;0
6461724;0
92391674;1
27233366;1
59726841;0
63265381;0
772334;0
72189750;0
88606839;0
69401263;0
86034869;0
57374176;0
60537691;1
45887693;0
62527163;0
65231233;0
45911713;0
47165855;1
96975786;1
76113396;1
82776368;0
81296606;0
71263781;0
67890598;1
68799656;0
44204936;0
88649211;1
38120939;1
39191321;1
50251185;1
40833841;1
2383708;1
71464131;1
89291809;0
49013605;0
7927648;1
126935;0
41666340;1
55691138;0
31097536;1
74332639;0
39351532;0
52433000;0
20993674;0
86147502;1
26585049;1
50825253;0
85285100;0
84522298;0
32805864;1
36658234;0
56982439;1
95815406;0
98676889;0
19309943;0
59747945;1
17113299;1
81479064;1
26577616;0
59624852;0
81095386;0
96245965;1
56315843;1
64043233;1
16481372;0
56243418;1
8454711;1
15626188;0
97297666;0
24054274;1
29435365;1
1970657;1
66495185;0
63451946;1
26916936;1
3067830;1
31500378;0
2158881;1
30560785;1
80585790;1
59848566;0
13766028;0
61598535;0
94546161;1
59237235;1
48906860;1
83441417;0
49148603;0
53089550;1
25055219;1
15975329;0
29087330;0
38714155;1
66644039;0
37098067;0
4068743;0
35059129;0
17637161;0
82433747;0
82192368;0
85494277;0
66367958;0
80981100;1
74003300;1
57210145;1
18000572;0
24711698;0
11416905;1
14238559;0
56587321;0
5542744;1
76068532;1
25812171;0
34866080;0
31370687;1
52489320;0
17208030;0
19149664;1
63782297;0
43362215;1
5188784;1
78529495;1
45171289;1
53907029;0
51111176;0
71211832;1
73739372;0
81254554;0
66827792;1
71118529;0
87949693;0
13241753;0
54518053;1
14196903;0
15033734;1
69970853;0
20200542;0
34267314;0
77755850;0
14939820;1
54783576;0
5917074;0
51153716;1
5119289;0
77627283;0
55357207;1
17178672;0
85739449;0
97071507;1
9700419;0
97645998;0
25114146;0
83571788;1
2611958;1
69546316;0
41315036;1
15577985;1
29206794;0
3137260;1
37399762;1
72555006;0
45454679;0
18640023;1
89480887;1
77036138;0
40707596;0
96009223;1
57220983;0
26847647;0
54980632;1
28695784;1
75615871;0
70029605;0
35640160;0
78490146;0
20190882;1
3653573;0
84826852;1
90851084;1
77651794;1
5080512;0
51232716;0
76924312;0
90628704;0
15223932;0
75101515;0
36245233;0
24796552;0
35633792;1
7588127;1
58623149;0
14771683;1
27686598;1
58475331;0
78360368;1
26604313;1
96353147;1
65864171;0
90510411;1
68449618;1
81413578;0
72007493;0
68389637;1
63100096;0
76563396;0
62408586;1
87608341;1
70826950;0
3788060;0
91998901;0
53503199;1
421322;0
82114742;1
12281103;0
50489467;0
86638945;1
15166647;0
5444680;0
69101708;1
58806196;0
24467923;0
95335790;1
89879339;0
38666640;0
31789814;0
40250598;1
94546274;0
63720618;1
21865414;0
10246339;1
66653810;0
40295622;0
25425843;0
26180886;0
23043170;0
47075678;1
63294650;1
86629509;0
38559782;1
91235832;0
96303321;0
13863600;1
82797588;0
64342204;1
82840746;1
59901772;0
91729538;0
4870694;0
61472440;1
18501812;1
92579895;1
24479386;1
4860023;0
54725546;1
94046100;0
54246151;1
57293688;0
10018695;1
85459902;0
89748062;1
50089194;1
36092225;1
35549929;0
51324138;1
88727220;1
7507788;0
81429049;0
53342458;0
59149631;1
94388569;1
79963943;0
568609;1
2702587;1
35890369;0
73685445;1
89831475;1
20962886;0
27241373;0
87915272;1
48405962;1
47696289;1
67969801;0
88331346;1
49409143;1
17095064;1
26159801;0
53576233;0
44867984;0
45999021;0
35680778;1
85939459;0
15496197;1
92204515;1
54539271;0
84226815;0
59818124;1
10519292;0
93462786;1
30762465;0
26863470;0
47849005;0
41180368;0
5917486;1
52091338;0
93412388;1
89597970;1
30060971;0
49111108;0
26419099;0
19630540;0
12095826;1
99194934;0
89729753;1
30120513;0
98727590;0
54305536;1
49475237;0
86682224;0
5319411;1
75687592;0
59660392;0
30545522;0
82810713;0
91351085;0
90923818;0
2952449;0
46602381;0
32395275;0
7902956;1
88442358;1
59096539;1
21305398;0
55483265;1
72500935;0
51787541;0
54130102;1
99643686;0
45956004;0
71870167;0
86690867;1
784488;0
67267524;1
83490400;0
31667421;0
15956854;1
85493138;0
88608582;0
63911920;1
95779125;0
59614249;0
82730490;1
45249788;1
92794277;0
63577902;0
20679518;1
88546834;1
15058566;0
60185238;1
44495229;1
57413819;1
49971119;0
12965529;1
8021143;0
54365767;1
30754324;1
86806590;1
40831123;0
41732684;1
99412328;0
1461541;1
65820723;0
36444703;0
98078016;0
46579237;1
3219895;0
56159156;1
11291751;0
41359098;1
19513764;0
18654396;1
4791094;0
14132470;0
62572152;1
34817051;0
36929618;1
75282650;0
80682584;1
46355843;0
84170310;1
39138734;0
9605096;0
1521146;1
42587346;0
74992804;0
50501881;0
97195495;0
4641952;0
44319799;0
19922031;0
70921924;1
87179099;1
22852194;1
60487311;0
73103742;0
46581047;1
58939019;0
91116705;0
43660285;0
91582559;1
186730;1
58777592;0
65223281;1
57665351;0
18718602;1
36425390;1
77368600;0
91101111;0
62245522;1
13910371;0
56600804;0
78914047;0
42974849;0
28104824;0
19809073;0
74079587;0
57231405;0
33560660;1
66434526;1
68605036;0
19575687;0
67445225;1
80552815;0
77249213;0
22882838;1
59597576;0
83207218;1
23370346;0
45729557;1
11195829;0
91030492;0
40773698;0
93622268;0
28759598;0
99876778;0
79261285;1
97993598;0
40989881;0
68493838;0
35499455;0
13841185;1
31301557;1
56218066;1
60743141;0
12697071;0
67487740;0
33799672;0
13826611;0
40861147;0
19282673;1
75929349;0
57083713;1
89016400;0
88200120;0
95046694;0
49061170;0
12987697;0
68845980;0
76366172;1
79840653;1
43261387;1
16410393;0
14656498;0
22410683;1
32471303;1
73021118;0
7172931;0
45026868;1
84954119;0
1389092;0
19174877;0
45614970;1
5351670;1
68955791;1
79492634;0
49339691;1
4309953;0
97169970;1
46529764;1
73257334;0
50179294;0
35755821;1
18291913;0
32718661;0
34179937;1
28423951;0
17118781;0
45758154;0
96889493;0
77587776;0
76682945;1
88625443;0
62856375;0
17850899;1
78089834;1
50718795;1
73691073;0
73538858;0
92058958;0
13325805;1
49836853;0
1469034;0
27976780;0
99678028;1
12448845;0
79206023;1
93699607;0
59406178;0
79937759;1
1747627;0
25604069;1
50925799;1
15325309;1
26971094;1
69118176;0
30079889;1
64026953;0
10722119;1
63169332;0
30515388;1
85327;0
47924325;0
73474493;0
76437801;0
89859827;0
27446461;0
83340880;1
94432656;1
31330652;0
44160317;1
24666275;0
76235908;0
23527097;0
20209104;1
54378637;0
22181157;0
97586387;1
43575979;0
26979327;0
55762156;0
68673406;0
47736518;0
41440128;1
19769561;1
5689927;0
71304842;0
68461637;0
50246144;1
79963186;0
63231475;1
76043922;0
43791164;0
14444565;0
83073247;1
60320033;0
75562265;0
19061005;1
18816938;0
82384335;1
98438095;1
13584223;0
71418107;0
52787907;0
10206133;0
22053688;1
35303027;0
52110711;1
53270690;1
73933347;0
47589997;1
30699304;1
31694584;0
12261215;0
55587376;1
67923421;0
82486592;1
2925124;1
98430195;0
5102946;1
88478994;0
90022565;0
12710845;1
84580153;0
78833879;0
20539604;1
41564128;0
9854677;1
53793243;1
46911703;0
86556905;0
72430383;1
66197314;1
96734400;0
8356198;0
21711483;0
81021159;0
55392310;0
65473458;0
58935084;0
75487548;1
95782907;1
88131351;1
24456696;0
87970156;0
93831724;0
50530494;1
32642404;0
26972587;0
94544913;1
31682096;1
2444292;0
89757351;1
516081;0
86650713;1
79434044;1
61116638;0
14887515;0
63757881;1
70261572;1
85695839;0
35540196;0
5524414;0
7190640;0
89619970;1
53922199;1
96217967;0
7871833;0
85070032;0
39816059;1
29279448;1
52659936;1
49285735;1
40020227;1
88007478;1
37705292;1
61043656;0
94934934;1
40776977;0
12307571;0
82778889;1
2162737;1
56621899;1
41074726;0
36340963;0
14652932;1
69279297;0
76245502;1
84860898;0
39354399;0
18904103;1
44335496;0
19239257;0
84023495;0
19711526;0
44744771;1
62756712;0
26344467;1
29619922;1
82794833;0
17216285;0
68601490;1
7712208;1
7925539;1
35824382;1
498222;0
73215364;0
63325893;1
28339867;1
60595260;1
79124749;0
45987069;0
86695282;1
70168817;1
64128304;1
70651209;1
49600907;0
61733281;0
76922612;0
55772150;0
78773456;0
75372287;0
45152701;0
18562357;0
23834826;1
26687666;0
83489279;1
92322336;1
78308523;1
98205722;1
91575818;0
34636977;1
48553900;0
46227111;0
62586401;1
85853498;0
91301511;1
97567417;0
37327059;1
89185088;1
34419732;1
19645909;0
68219654;0
55609842;1
2916768;1
19954875;1
16989126;0
94599009;0
68885379;0
65154523;1
53468179;1
83000664;1
18877330;0
77258785;0
54120270;1
50939708;0
61494555;0
99074250;1
96581439;0
89425841;1
86359371;1
40980777;0
50677956;0
70490446;0
95115712;1
25858769;1
20172819;0
83467032;0
22862903;0
5377646;1
10229977;0
81254872;0
71977032;1
88794218;0
44632666;0
27914;1
54070232;0
27151776;1
56697757;0
89072628;1
79903635;0
46740639;0
11449729;0
54760611;0
96649358;0
75982866;0
79571948;0
84868136;1
46573779;0
49151639;0
11702148;0
46040640;0
66997100;0
78044629;0
19938453;0
98457709;0
90691671;1
93951993;1
94918561;0
69850002;1
50143188;1
71704226;1
51487162;0
81205700;1
4401604;1
19309710;1
62181901;1
70532099;0
51886915;1
74302527;1
7418478;0
89046659;1
90935269;0
97631536;0
68937660;1
27990736;0
70204320;1
6915116;0
69744606;1
79899668;0
94183560;0
36737618;1
70027904;1
55833430;0
27312913;0
34852168;1
16214146;1
65298387;0
58289745;1
63965959;1
49707389;0
2649097;0
81003678;1
73327628;1
90456190;1
71331226;1
50907611;1
35247086;0
53335617;0
80437697;0
47160860;1
58383596;0
31556072;0
64816448;1
5522306;0
93267321;0
49191324;0
10831740;0
53094781;1
89357251;0
47570953;0
73197417;0
14505893;0
9497605;1
81790042;1
58568712;0
54485932;1
74904159;0
38916664;1
9745595;0
66096689;0
67257684;1
59961850;0
49714269;1
17327321;1
96829475;1
83542934;0
94461607;1
89361850;0
30339031;0
12044720;1
97187090;1
95384828;0
28745131;1
78940625;0
70510571;1
50337369;0
39302487;1
63066346;0
25296226;0
20336527;1
95490909;0
11661930;0
73316627;1
34004806;1
44110479;0
86755562;1
59284472;0
79244056;0
41042283;0
70267911;0
58423516;1
20784292;0
36162951;1
14984900;1
67327004;1
99789834;0
85198450;0
6933973;0
68253309;1
87271576;0
53307951;0
44681594;0
78156500;0
97963238;1
6793144;1
86509530;1
44325600;1
10690962;1
34147053;1
82070267;0
71485222;0
22972994;0
70114420;0
24243511;0
54888680;0
15354016;0
25850527;0
24271809;0
69414449;0
77825659;0
81330533;1
61223918;0
81179196;0
82777756;0
9119707;0
41870088;1
56101679;1
38584018;1
56356110;0
75169373;1
55923386;0
61192669;1
80698386;1
92851143;0
84162328;1
14154413;1
34756635;0
76419440;0
65463633;1
62258087;1
57582865;0
19805868;1
27237946;1
75342510;1
66190992;0
59994859;0
20999735;0
48425709;1
6596740;0
24270279;1
87450603;1
49400875;0
39564093;0
69788889;1
36207264;1
40868214;0
50065075;0
60895734;1
37096892;1
94983152;1
38949486;1
68301956;0
65218458;0
99770379;0
47077505;1
52731798;0
91870738;0
33734077;0
38051836;0
3622602;0
5808030;1
75500611;0
26647236;1
39651887;1
54851979;0
90732869;0
80795846;1
3743929;1
1747033;0
9184053;1
32054308;0
1451776;1
50324379;0
45709137;0
46037128;0
53423439;1
91924772;1
82670667;0
91395350;0
21544548;0
83349181;1
43947581;1
29385630;0
34988175;0
73117692;0
25967949;1
32301971;0
73699334;0
94094826;0
49931217;1
46862332;0
62758750;0
55251709;1
94050884;0
27166161;0
15847268;0
42574062;0
74523192;0
7481941;1
3754181;0
54889824;1
89701672;1
58819313;0
44030076;1
89157170;0
26474729;1
64202031;1
32245326;0
47917298;0
2428102;1
33732775;0
31418463;0
24136554;1
14169381;0
27589190;1
71931448;0
72699441;1
27086597;0
46266430;0
34580811;1
73580723;1
53640363;0
34022336;1
6743603;1
2775006;0
59211382;1
24006859;0
64671404;1
94374717;1
85817775;1
87117060;1
23329654;0
41559287;0
17880785;1
60229410;0
8495915;1
94503917;1
89721350;0
83517007;0
83261662;1
23361847;1
87735379;0
263605;0
8232432;0
58458710;1
49289494;0
41072402;0
22478214;1
66288933;0
76345668;0
35536197;0
54771356;1
65624593;0
55974429;0
89930657;1
32036499;0
17915071;1
33919847;1
55454267;1
69609386;0
49605134;1
26952117;1
6563583;0
8738158;1
66962059;1
45114439;0
71973473;0
81442390;0
8613826;0
85840059;0
78115851;1
85971877;1
39122979;0
66358761;0
34927541;0
69587520;0
38349962;0
86924089;1
70665012;1
12598453;1
26379578;0
67053105;0
85268880;0
39385780;1
6216558;0
98015096;0
16920927;0
11122702;1
2368868;0
71743833;1
68065080;0
37174970;1
66336866;0
13786701;0
23607341;1
61990441;1
76435561;0
53120025;1
98770246;1
14104717;0
39171733;1
25174482;0
17275036;1
5202939;1
64312830;1
69160588;0
13520040;0
27616717;0
35172258;0
94509476;0
13879262;0
40133468;0
92579944;1
91848781;1
39656203;0
18104975;1
10058778;1
87691321;1
83604696;0
75199858;1
92197764;1
39286513;0
83759123;1
77739891;0
35991697;1
12069120;0
63983547;1
77925382;0
36473105;1
63734056;1
41436755;1
44642438;1
47917274;1
77320734;0
61236438;1
7176153;0
72665325;0
9384247;0
24943791;0
59656984;0
93358981;1
18992359;0
12914046;1
94065655;1
85577609;0
10681267;1
39734000;0
56016545;1
33648292;0
44391595;0
12856049;0
24339986;0
82584293;0
37632574;1
85654049;1
98441103;0
70458117;1
44124460;0
52531468;1
11562634;0
2134142;0
75610771;0
36223985;0
65736030;0
6230637;1
12646472;1
70500222;0
19599329;0
37272191;1
22161142;1
84534351;1
61463328;0
7544591;0
62477395;1
65431683;0
16462973;1
66647597;1
85648406;1
65825905;1
48493498;0
24862277;0
25850578;1
6777272;1
3664058;0
42145298;1
22818488;0
93000047;1
82173531;0
22015177;1
94849312;1
54741237;1
27656366;0
92193428;1
5063156;0
43934285;0
43381506;1
94551267;0
62297746;1
31606195;0
35624532;0
34211107;1
46449412;0
30430588;1
73355686;0
32550221;0
46314531;1
3719119;1
84500326;0
47674446;0
7260407;0
94198426;1
14180180;0
36305254;1
82758098;0
33636159;0
33778845;1
45745541;0
1099483;1
28786138;1
11356541;1
34774411;1
44510904;1
51615730;1
18350404;0
81583222;0
59235280;0
40289546;1
45421659;1
8632843;0
76817755;0
36659899;1
95607690;0
83334930;0
43022550;0
50107404;0
65943371;1
68222821;0
3951925;0
62820104;0
91104008;1
34456298;1
5367780;0
79867228;0
17703557;1
20018771;0
37800161;0
92097660;1
72617996;0
77597780;0
89761230;1
62111449;0
1066224;0
11186103;0
69934694;1
52358368;0
43730931;1
44124299;1
69107082;1
64845466;0
10794338;0
76440998;0
89637426;1
71549503;1
59311178;1
66206996;0
26965510;0
4972273;0
57746497;1
88238142;1
87667031;0
43820289;1
67518654;0
92820759;0
9894840;0
82950081;0
63640377;0
90577004;0
60145396;0
29861821;1
89608665;0
89001355;1
60900358;1
43597122;0
92316134;0
22856441;0
3484785;0
72469614;0
14969345;0
7941670;1
72430723;1
40917212;0
22383728;0
6622273;1
94292971;1
11631304;0
84345871;0
45860902;0
24811752;0
12406425;0
68988272;0
96212196;0
3754006;0
93860479;0
83873329;0
86377597;1
66917518;1
29788602;0
70666604;1
31295824;1
30385681;0
27698582;1
2950983;0
17232316;0
41452342;1
48854362;0
39052021;0
83274022;0
58723167;1
927818;1
39461665;1
61511533;1
16226085;1
61931318;1
40949707;1
47465679;0
41439986;0
67939153;1
77502597;1
13637343;1
78728860;0
8632588;1
37521219;0
95154029;0
361458;1
21520140;1
85148152;1
11476779;1
91524184;0
74132202;0
39942446;0
89945711;0
11356888;1
60084182;0
88587695;0
53800437;0
74503949;1
96275770;1
38175551;0
57295414;1
58669583;0
87264960;1
98153319;0
70720305;0
92326906;0
4951447;1
93078414;0
52942037;0
86574143;1
56763587;0
47613054;1
99751100;0
30421634;0
956512;0
5392349;0
44657056;0
85819996;1
64950878;0
36517351;0
66557169;0
78374578;0
40322205;0
78738215;1
81737336;1
57042753;1
22042348;1
61339718;1
78012586;1
69494630;0
53443876;1
4154393;1
39941059;1
71465339;0
47691222;0
94899216;1
19457731;0
53456653;1
81898530;0
86805818;1
40722638;0
97187801;0
94284222;1
75538766;1
38886866;0
42260184;0
7174462;1
16198741;1
60679412;1
71827865;1
83086202;1
28148350;1
1976337;1
28300035;1
64952541;0
49083661;0
24998223;1
63898901;0
51365148;0
88062408;0
19084264;1
99596323;1
55106423;0
64981425;1
10377190;1
20061022;0
39577592;0
51303175;1
84580615;0
97528284;1
37657997;1
23786676;1
43916963;0
85877914;1
40302631;0
19409011;1
82665096;1
58822685;0
80615194;1
76293656;0
37542561;1
38165217;0
74289663;1
12678722;0
28170344;1
49095286;1
3401355;0
39942876;1
54962601;1
87712186;1
38996102;1
62715587;1
4058604;1
52424807;0
49697655;0
95891468;1
73197097;1
14299428;0
94449657;0
61149133;0
62319335;0
10696706;0
3260907;0
88105814;0
58958646;0
76229751;1
53198762;0
50793398;0
66967190;0
78121191;0
23378995;0
38966443;0
63206393;1
73978190;0
51722802;1
6309281;0
24644305;0
17045471;0
80298679;1
38791997;1
18911055;0
66031113;1
4165598;0
61830325;0
74517726;1
50829081;1
92084712;0
18389379;1
11983092;1
98373939;0
36725209;0
80269026;1
69821480;1
47441784;0
70356080;0
79080894;0
9109443;0
22808924;0
96548039;1
10759723;1
16505024;1
92785744;1
74519316;1
13604102;0
28839991;0
23654718;0
87670097;1
61301814;0
30195213;0
97892387;0
17306217;0
49789613;1
83805343;0
22566303;0
867851;0
95852599;0
96650105;0
20371922;0
46084699;0
59863981;1
44451498;0
98174056;0
1643831;0
10384721;1
9667257;0
40190777;0
55756474;1
77259781;1
73164708;1
44900801;0
74207455;0
96967129;1
19903269;0
16089461;1
30006817;0
99785861;0
7168161;0
63022546;0
67665729;1
75328477;1
83298429;0
33342698;0
20852671;0
67917142;1
36623340;0
32072106;0
75555017;1
20366336;0
71555182;0
87904457;1
35648066;0
72455580;0
43455997;1
38902029;1
331590;1
25827034;1
95475172;0
39830996;1
34200809;1
30042746;0
99490958;0
20396219;1
77527234;1
26847016;1
79837941;0
62646009;0
90429560;0
65526075;0
75910802;1
16387172;0
40929420;0
52515447;0
22450434;1
20124569;1
30150009;0
28274036;0
79340305;0
77928940;1
2664251;1
75841500;1
55913070;0
38950034;0
32897584;0
28725127;0
49787894;1
10651006;0
13451353;0
8650969;0
4356982;1
87108538;0
1692635;1
7274248;0
83576484;1
49608669;0
52518753;0
39408508;1
5593463;1
72269954;1
89069735;1
84055591;1
68353108;1
90358536;0
46510267;0
83217980;0
53850584;0
12235801;1
72586209;0
91512720;1
42665801;0
67466548;1
28481202;0
78203753;1
37466831;0
96345516;0
26033848;1
38844212;0
67717770;1
93097735;0
43969966;1
93278289;1
19546585;0
91453656;1
79810881;0
44857168;1
10003267;0
4953958;0
78155779;0
48214869;0
16984655;1
28069036;1
3690050;0
73020625;0
30099451;1
3597913;1
18432893;1
87502946;1
71719624;0
71008417;0
9554115;1
45951692;0
89575735;0
82367351;1
94820148;0
83038642;1
86068326;0
94104034;1
18314837;1
19780347;1
54083072;0
26175533;0
29453966;1
17589274;0
36634640;1
4857390;0
82125598;0
79161738;1
24506144;0
23414531;1
55185794;0
64359200;0
66817404;0
45448008;1
33797929;0
82127108;1
91791462;1
91410708;0
46217685;0
94500594;0
89963751;1
42738927;0
47998342;1
69092210;1
31780482;0
68850779;0
70143123;0
58478564;1
97513780;0
25533019;1
81176688;0
15673882;1
45225176;0
13828654;0
34360380;0
56017905;1
8358210;0
25771743;1
97409356;1
47328757;1
88098080;0
5063900;1
74993292;0
28793526;1
49004865;1
76888933;1
25445257;1
94761433;0
46617673;0
91589936;1
93010676;1
36117188;0
47923929;0
18935779;1
26678456;0
80884793;0
24711252;1
55943826;0
13318961;0
80467457;1
82356324;0
44714700;0
96848105;0
49235515;1
66802399;0
53522229;0
58760290;1
24403379;1
1701585;1
35663901;0
84351524;0
28565033;1
16958651;0
94069501;0
47264465;0
50079853;0
35920027;0
93472541;1
26178078;1
50762315;1
26422855;0
30737905;0
45619328;1
74145038;0
85036381;1
57873964;1
28277955;1
30456579;0
90591079;0
31306497;1
71577803;0
8128547;1
26055781;0
73504380;1
1846496;0
